"","DATE","DAILY_COUNT","NET_COUNT_CHANGES","STL_TREND","STL_DAILY_CHANGE","STL_DAILY_CHANGE_PERC","STL_WEEK_CHANGE","STL_WEEK_CHANGE_PERC"
"1",2021-08-29,868,868,1129.70179488816,55.2782312067088,"  5.14",366.554943552776," 48.0"
"2",2021-08-28,963,963,1074.42356368145,51.2423019854834,"  5.01",369.415440503404," 52.4"
"3",2021-08-27,1235,1235,1023.18126169597,48.5201777490392,"  4.98",358.875672269888," 54.0"
"4",2021-08-26,1178,-5,974.661083946929,39.2799277649842,"  4.20",331.206715513051," 51.5"
"5",2021-08-25,1114,2,935.381156181945,54.0849160072598,"  6.14",309.662746329031," 49.5"
"6",2021-08-24,1074,-1,881.296240174685,60.1973538175548,"  7.33",278.39175986881," 46.2"
"7",2021-08-23,642,0,821.09888635713,57.9520350217455,"  7.59",250.624846404612," 43.9"
"8",2021-08-22,470,0,763.146851335385,58.1387281573371,"  8.25",227.541181140382," 42.5"
"9",2021-08-21,678,0,705.008123178048,40.7025337519673,"  6.13",199.129355395264," 39.4"
"10",2021-08-20,811,-1,664.30558942608,20.8512209922022,"  3.24",183.92974615031," 38.3"
"11",2021-08-19,752,-1,643.454368433878,17.7359585809643,"  2.83",181.390219369643," 39.3"
"12",2021-08-18,823,-3,625.718409852914,22.813929547039,"  3.78",178.393053961758," 39.9"
"13",2021-08-17,671,-1,602.904480305875,32.4304403533566,"  5.68",175.584443080768," 41.1"
"14",2021-08-16,412,0,570.474039952518,34.8683697575151,"  6.51",166.846753418252," 41.3"
"15",2021-08-15,391,0,535.605670195003,29.7269024122198,"  5.88",158.030305985249," 41.9"
"16",2021-08-14,454,0,505.878767782783,25.5029245070132,"  5.31",155.36634485273," 44.3"
"17",2021-08-13,570,0,480.37584327577,18.3116942115352,"  3.96",156.69931549247," 48.4"
"18",2021-08-12,590,0,462.064149064235,14.7387931730788,"  3.29",173.065290849004," 59.9"
"19",2021-08-11,555,0,447.325355891156,20.0053186660497,"  4.68",193.660451905232," 76.3"
"20",2021-08-10,502,0,427.320037225106,23.6927506908401,"  5.87",197.941806096918," 86.3"
"21",2021-08-09,286,0,403.627286534266,26.0519223245121,"  6.90",190.534256061609," 89.4"
"22",2021-08-08,241,0,377.575364209754,27.0629412797014,"  7.72",176.962116526176," 88.2"
"23",2021-08-07,376,0,350.512422930053,26.8358951467533,"  8.29",156.846771732421," 81.0"
"24",2021-08-06,391,0,323.6765277833,34.6776695680685," 12.00",133.481060157733," 70.2"
"25",2021-08-05,365,0,288.998858215231,35.3339542293069," 13.93",103.471732527666," 55.8"
"26",2021-08-04,396,0,253.664903985924,24.2866728577359," 10.59",75.5240039104208," 42.4"
"27",2021-08-03,204,0,229.378231128188,16.2852006555311,"  7.64",59.4863308309913," 35.0"
"28",2021-08-02,124,0,213.093030472657,12.4797827890794,"  6.22",50.563112306517," 31.1"
"29",2021-08-01,141,0,200.613247683578,6.94759648594615,"  3.59",48.0718985245165," 31.5"
"30",2021-07-31,224,0,193.665651197632,3.4701835720648,"  1.82",55.0110871996057," 39.7"
"31",2021-07-30,236,0,190.195467625567,4.66834193800142,"  2.52",67.6698092897417," 55.2"
"32",2021-07-29,197,0,185.527125687566,7.38622561206213,"  4.15",77.6157842382761," 71.9"
"33",2021-07-28,223,0,178.140900075503,8.24899977830631,"  4.86",84.283390942166," 89.8"
"34",2021-07-27,206,0,169.891900297197,7.36198213105678,"  4.53",90.4574010985965,"113.9"
"35",2021-07-26,137,0,162.52991816614,9.98856900707889,"  6.55",95.6632178650887,"143.1"
"36",2021-07-25,92,0,152.541349159061,13.8867851610354," 10.02",94.4086333593986,"162.4"
"37",2021-07-24,136,0,138.654563998026,16.1289056622007," 13.16",87.2757745399443,"169.9"
"38",2021-07-23,144,0,122.525658335825,14.6143168865359," 13.54",76.6242621417416,"166.9"
"39",2021-07-22,167,0,107.911341449289,14.053832315952," 14.97",66.2153687093962,"158.8"
"40",2021-07-21,96,0,93.8575091333374,14.4230099347368," 18.16",54.6048236522119,"139.1"
"41",2021-07-20,88,0,79.4344991986006,12.567798897549," 18.80",41.6620929235266,"110.3"
"42",2021-07-19,60,0,66.8667003010516,8.7339845013888," 15.02",30.3082067279181," 82.9"
"43",2021-07-18,41,0,58.1327157996628,6.75392634158109," 13.15",21.6770753217747," 59.5"
"44",2021-07-17,40,0,51.3787894580817,5.477393263998," 11.93",13.3543863762166," 35.1"
"45",2021-07-16,49,0,45.9013961940837,4.20542345419049," 10.09",6.22336386012751," 15.7"
"46",2021-07-15,52,0,41.6959727398932,2.44328725876768,"  6.22",0.276944446286684,"  0.7"
"47",2021-07-14,51,0,39.2526854811255,1.48027920605154,"  3.92",-4.25254296944357," -9.8"
"48",2021-07-13,35,0,37.772406275074,1.21391270194047,"  3.32",-8.08237878480973,"-17.6"
"49",2021-07-12,33,0,36.5584935731335,0.10285309524545,"  0.28",-10.9313867111732,"-23.0"
"50",2021-07-11,30,0,36.4556404778881,-1.56876260397701," -4.13",-10.275500660451,"-22.0"
"51",2021-07-10,30,0,38.0244030818651,-1.65362925209111," -4.17",-6.74997293601457,"-15.1"
"52",2021-07-09,35,0,39.6780323339562,-1.74099595965033," -4.20",-4.84974344554853,"-10.9"
"53",2021-07-08,57,0,41.4190282936065,-2.08620015696258," -4.80",-3.97127598837662," -8.7"
"54",2021-07-07,48,0,43.5052284505691,-2.34955660931461," -5.12",-3.90486745393548," -8.2"
"55",2021-07-06,64,0,45.8547850598837,-1.63509522442301," -3.44",-5.32866754838411,"-10.4"
"56",2021-07-05,37,0,47.4898802843067,0.758739145967702,"  1.62",-7.82118881021256,"-14.1"
"57",2021-07-04,39,0,46.731141138339,1.95676512045938,"  4.37",-12.5277939578371,"-21.1"
"58",2021-07-03,52,0,44.7743760178797,0.246600238374931,"  0.55",-18.1980501453903,"-28.9"
"59",2021-07-02,35,0,44.5277757795047,-0.862528502478426," -1.90",-21.4135573761641,"-32.5"
"60",2021-07-01,37,0,45.3903042819832,-2.01979162252145," -4.26",-24.5371089376421,"-35.1"
"61",2021-06-30,60,0,47.4100959045046,-3.77335670376324," -7.37",-26.2745326660515,"-35.7"
"62",2021-06-29,76,0,51.1834526082678,-4.12761648625146," -7.46",-23.6713419035022,"-31.6"
"63",2021-06-28,59,0,55.3110690945193,-3.94786600165682," -6.66",-21.6676351673363,"-28.1"
"64",2021-06-27,38,0,59.2589350961761,-3.71349106709381," -5.90",-23.4712303622501,"-28.4"
"65",2021-06-26,45,0,62.9724261632699,-2.96890699239885," -4.50",-28.0067597571003,"-30.8"
"66",2021-06-25,77,0,65.9413331556688,-3.98608006395646," -5.70",-35.0829777547102,"-34.7"
"67",2021-06-24,94,0,69.9274132196253,-3.75721535093082," -5.10",-41.0265258296468,"-37.0"
"68",2021-06-23,76,0,73.6846285705561,-1.17016594121395," -1.56",-47.4389897326057,"-39.2"
"69",2021-06-22,100,0,74.85479451177,-2.12390975008562," -2.76",-57.2339036939709,"-43.3"
"70",2021-06-21,67,0,76.9787042618556,-5.7514611965706," -6.95",-65.1390110185125,"-45.8"
"71",2021-06-20,50,0,82.7301654584262,-8.249020461944," -9.07",-67.9209473305636,"-45.1"
"72",2021-06-19,86,0,90.9791859203702,-10.0451249900088," -9.94",-67.6741401255122,"-42.7"
"73",2021-06-18,118,0,101.024310910379,-9.92962813889302," -8.95",-63.3173112883575,"-38.5"
"74",2021-06-17,119,0,110.953939049272,-10.1696792538897," -8.40",-60.6010692294192,"-35.3"
"75",2021-06-16,152,0,121.123618303162,-10.9650799025791," -8.30",-58.7531067423093,"-32.7"
"76",2021-06-15,147,0,132.088698205741,-10.0290170746272," -7.06",-58.132865339194,"-30.6"
"77",2021-06-14,126,0,142.117715280368,-8.53339750862173," -5.66",-62.2476517602183,"-30.5"
"78",2021-06-13,114,0,150.65111278899,-8.00221325689256," -5.04",-67.9212623634991,"-31.1"
"79",2021-06-12,162,0,158.653326045882,-5.68829615285415," -3.46",-69.2195598092677,"-30.4"
"80",2021-06-11,181,0,164.341622198737,-7.21338607995466," -4.20",-77.8593406295154,"-32.1"
"81",2021-06-10,176,0,171.555008278691,-8.32171676677982," -4.63",-89.775266876275,"-34.4"
"82",2021-06-09,172,0,179.876725045471,-10.3448384994639," -5.44",-97.0403343132632,"-35.0"
"83",2021-06-08,318,0,190.221563544935,-14.1438034956515," -6.92",-104.028921351393,"-35.4"
"84",2021-06-07,143,0,204.365367040586,-14.2070081119025," -6.50",-113.922059648157,"-35.8"
"85",2021-06-06,158,0,218.572375152489,-9.30051070266117," -4.08",-123.739705354667,"-36.1"
"86",2021-06-05,232,0,227.87288585515,-14.3280769731018," -5.92",-142.423828052194,"-38.5"
"87",2021-06-04,298,0,242.200962828252,-19.1293123267143," -7.32",-157.932726573688,"-39.5"
"88",2021-06-03,243,0,261.330275154966,-15.586784203768," -5.63",-155.460657963745,"-37.3"
"89",2021-06-02,309,0,276.917059358734,-17.3334255375933," -5.89",-156.381395309108,"-36.1"
"90",2021-06-01,433,0,294.250484896328,-24.036941792416," -7.55",-162.773512844375,"-35.6"
"91",2021-05-31,215,0,318.287426688744,-24.0246538184126," -7.02",-160.625528141623,"-33.5"
"92",2021-05-30,259,0,342.312080507156,-27.9846334001878," -7.56",-170.467858829981,"-33.2"
"93",2021-05-29,392,0,370.296713907344,-29.8369754945963," -7.46",-196.806082869354,"-34.7"
"94",2021-05-28,410,0,400.13368940194,-16.6572437167709," -4.00",-222.333322976091,"-35.7"
"95",2021-05-27,535,0,416.790933118711,-16.5075215491311," -3.81",-267.065779961334,"-39.1"
"96",2021-05-26,539,0,433.298454667842,-23.7255430728598," -5.19",-327.76387823361,"-43.1"
"97",2021-05-25,407,0,457.023997740702,-21.8889570896647," -4.57",-383.029725766442,"-45.6"
"98",2021-05-24,388,0,478.912954830367,-33.8669845067702," -6.60",-447.925549626157,"-48.3"
"99",2021-05-23,449,0,512.779939337137,-54.3228574395606," -9.58",-505.801829453248,"-49.7"
"100",2021-05-22,553,0,567.102796776698,-55.3642156013337," -8.89",-539.620097983715,"-48.8"
"101",2021-05-21,636,-1,622.467012378031,-61.389700702014," -8.98",-582.127268208646,"-48.3"
"102",2021-05-20,758,0,683.856713080045,-77.2056198214066,"-10.14",-643.1965143042,"-48.5"
"103",2021-05-19,829,0,761.062332901452,-78.9913906056926," -9.40",-686.55660218224,"-47.4"
"104",2021-05-18,956,0,840.053723507144,-86.7847809493788," -9.36",-722.159497425307,"-46.2"
"105",2021-05-17,920,0,926.838504456523,-91.7432643338612," -9.01",-734.212085580244,"-44.2"
"106",2021-05-16,718,0,1018.58176879038,-88.1411259700276," -7.96",-721.115085561954,"-41.5"
"107",2021-05-15,1128,0,1106.72289476041,-97.8713858262647," -8.12",-690.02734659891,"-38.4"
"108",2021-05-14,1237,0,1204.59428058668,-122.458946797569," -9.23",-642.13572163868,"-34.8"
"109",2021-05-13,1482,0,1327.05322738425,-120.565707699446," -8.33",-568.743396742831,"-30.0"
"110",2021-05-12,1593,0,1447.61893508369,-114.59428584876," -7.34",-499.537379886927,"-25.7"
"111",2021-05-11,1811,0,1562.21322093245,-98.8373691043159," -5.95",-433.472739197654,"-21.7"
"112",2021-05-10,1511,0,1661.05059003677,-78.6462643155712," -4.52",-370.218809799798,"-18.2"
"113",2021-05-09,1560,0,1739.69685435234,-57.0533870069835," -3.18",-314.607480514009,"-15.3"
"114",2021-05-08,1583,0,1796.75024135932,-49.9797608660351," -2.71",-245.460265995832,"-12.0"
"115",2021-05-07,2052,0,1846.73000222536,-49.0666219017187," -2.59",-143.888449689603," -7.2"
"116",2021-05-06,1948,0,1895.79662412708,-51.3596908435425," -2.64",-21.3495304108062," -1.1"
"117",2021-05-05,2176,0,1947.15631497062,-48.5296451594875," -2.43",100.880580304108,"  5.5"
"118",2021-05-04,2280,0,1995.68596013011,-35.5834397064598," -1.75",227.440352163755," 12.9"
"119",2021-05-03,1788,0,2031.26939983657,-23.034935029782," -1.12",333.153006736273," 19.6"
"120",2021-05-02,1967,0,2054.30433486635,12.0938275111932,"  0.59",416.391462674916," 25.4"
"121",2021-05-01,1697,0,2042.21050735515,51.5920554401944,"  2.59",449.283657524892," 28.2"
"122",2021-04-30,2406,0,1990.61845191496,73.4722973770779,"  3.83",427.263553152361," 27.3"
"123",2021-04-29,1998,0,1917.14615453788,70.870419871372,"  3.84",366.868577182987," 23.7"
"124",2021-04-28,2056,0,1846.27573466651,78.0301267001589,"  4.41",293.236211271146," 18.9"
"125",2021-04-27,1836,0,1768.24560796635,70.1292148660589,"  4.13",201.660209881511," 12.9"
"126",2021-04-26,1553,0,1698.11639310029,60.2035209088606,"  3.68",127.187650994356,"  8.1"
"127",2021-04-25,1493,0,1637.91287219143,44.9860223611693,"  2.82",86.3189950513324,"  5.6"
"128",2021-04-24,1443,0,1592.92684983026,29.5719510676633,"  1.89",73.8412645093772,"  4.9"
"129",2021-04-23,1514,0,1563.3548987626,13.0773214077042,"  0.84",82.0479167952383,"  5.5"
"130",2021-04-22,1665,0,1550.2775773549,-2.76194604046873," -0.18",119.734102136395,"  8.4"
"131",2021-04-21,1840,0,1553.03952339536,-13.5458746894765," -0.86",177.909703374502," 12.9"
"132",2021-04-20,1728,0,1566.58539808484,-4.3433440210963," -0.28",233.255926761764," 17.5"
"133",2021-04-19,1346,0,1570.92874210594,19.3348649658371,"  1.25",271.249690963269," 20.9"
"134",2021-04-18,1358,0,1551.5938771401,32.508291819214,"  2.14",276.440904022512," 21.7"
"135",2021-04-17,1471,0,1519.08558532089,37.7786033535244,"  2.55",251.119793247653," 19.8"
"136",2021-04-16,1502,0,1481.30698196736,50.7635067488607,"  3.55",218.116237988808," 17.3"
"137",2021-04-15,1605,0,1430.5434752185,55.4136551976387,"  4.03",181.790733628176," 14.6"
"138",2021-04-14,1645,0,1375.12982002086,41.8003486977852,"  3.14",152.303400487611," 12.5"
"139",2021-04-13,1426,0,1333.32947132308,33.6504201804091,"  2.59",152.455290240103," 12.9"
"140",2021-04-12,1050,0,1299.67905114267,24.5260780250796,"  1.92",172.886177376356," 15.3"
"141",2021-04-11,1093,0,1275.15297311759,7.18718104435516,"  0.57",202.10892423429," 18.8"
"142",2021-04-10,1169,0,1267.96579207323,4.77504809467973,"  0.38",254.973525407074," 25.2"
"143",2021-04-09,1286,0,1263.19074397855,14.4380023882281,"  1.16",315.533551803771," 33.3"
"144",2021-04-08,1532,0,1248.75274159032,25.9263220570735,"  2.12",359.507963826008," 40.4"
"145",2021-04-07,1411,0,1222.82641953325,41.9522384502777,"  3.55",388.627537590757," 46.6"
"146",2021-04-06,1357,0,1180.87418108297,54.0813073166617,"  4.80",402.046111262032," 51.6"
"147",2021-04-05,931,0,1126.79287376631,53.7488248830145,"  5.01",391.851642114203," 53.3"
"148",2021-04-04,869,0,1073.0440488833,60.051782217139,"  5.93",372.97916526911," 53.3"
"149",2021-04-03,934,0,1012.99226666616,65.3350744913761,"  6.89",345.213248821663," 51.7"
"150",2021-04-02,1059,0,947.657192174782,58.4124144104655,"  6.57",301.333273341291," 46.6"
"151",2021-04-01,1071,0,889.244777764316,55.0458958218221,"  6.60",257.406732158002," 40.7"
"152",2021-03-31,877,0,834.198881942494,55.3708121215532,"  7.11",216.4711187805," 35.0"
"153",2021-03-30,891,0,778.828069820941,43.8868381688324,"  5.97",173.15689758258," 28.6"
"154",2021-03-29,620,0,734.941231652109,34.876348037922,"  4.98",143.048661472526," 24.2"
"155",2021-03-28,542,0,700.064883614187,32.2858657696917,"  4.83",129.17235881786," 22.6"
"156",2021-03-27,636,0,667.779017844495,21.4550990110042,"  3.32",116.537990394448," 21.1"
"157",2021-03-26,670,0,646.323918833491,14.4858732271762,"  2.29",117.111238508525," 22.1"
"158",2021-03-25,710,0,631.838045606315,14.1102824443209,"  2.28",127.527587313837," 25.3"
"159",2021-03-24,753,0,617.727763161994,12.0565909236327,"  1.99",135.729505715147," 28.2"
"160",2021-03-23,675,0,605.671172238361,13.7786020587785,"  2.33",142.828308204026," 30.9"
"161",2021-03-22,482,0,591.892570179583,21.0000453832558,"  3.68",149.235751136397," 33.7"
"162",2021-03-21,455,0,570.892524796327,19.6514973462801,"  3.56",144.981287813995," 34.0"
"163",2021-03-20,546,0,551.241027450047,22.0283471250807,"  4.16",140.843170343737," 34.3"
"164",2021-03-19,524,0,529.212680324966,24.9022220324887,"  4.94",135.918403239397," 34.6"
"165",2021-03-18,672,0,504.310458292478,22.3122008456305,"  4.63",129.528524161617," 34.6"
"166",2021-03-17,517,0,481.998257446847,19.155393412512,"  4.14",124.938802254565," 35.0"
"167",2021-03-16,507,0,462.842864034335,20.186044991149,"  4.56",121.45739952242," 35.6"
"168",2021-03-15,350,0,442.656819043186,16.7455820608544,"  3.93",112.935027877831," 34.3"
"169",2021-03-14,365,0,425.911236982332,15.5133798760218,"  3.78",103.831098537544," 32.2"
"170",2021-03-13,376,0,410.39785710631,17.1035800207409,"  4.35",90.7434543527287," 28.4"
"171",2021-03-12,427,0,393.294277085569,18.5123429547086,"  4.94",73.4439118476266," 23.0"
"172",2021-03-11,448,0,374.78193413086,17.7224789385787,"  4.96",51.9097252191041," 16.1"
"173",2021-03-10,405,0,357.059455192282,15.673990680367,"  4.59",29.9254244614386,"  9.1"
"174",2021-03-09,387,0,341.385464511915,11.6636733465592,"  3.54",10.2156267293346,"  3.1"
"175",2021-03-08,253,0,329.721791165355,7.64165272056766,"  2.37",-4.37709995917959," -1.3"
"176",2021-03-07,251,0,322.080138444788,2.42573569120668,"  0.76",-16.6074541954193," -4.9"
"177",2021-03-06,306,0,319.654402753581,-0.195962484361189," -0.06",-20.2243228167723," -6.0"
"178",2021-03-05,337,0,319.850365237942,-3.02184367381392," -0.94",-21.4325681038517," -6.3"
"179",2021-03-04,407,0,322.872208911756,-4.26182181908683," -1.30",-22.8478165491957," -6.6"
"180",2021-03-03,333,0,327.134030730843,-4.03580705173692," -1.22",-21.3216354266223," -6.1"
"181",2021-03-02,400,0,331.16983778258,-2.92905334195507," -0.88",-16.2427953371259," -4.7"
"182",2021-03-01,262,0,334.098891124535,-4.58870151567203," -1.35",-13.016958120061," -3.8"
"183",2021-02-28,287,0,338.687592640207,-1.19113293014635," -0.35",-4.84235721660997," -1.4"
"184",2021-02-27,301,0,339.878725570353,-1.40420777144061," -0.41",3.60956429768703,"  1.1"
"185",2021-02-26,413,0,341.282933341794,-4.43709211915785," -1.28",11.1427240430917,"  3.4"
"186",2021-02-25,355,0,345.720025460952,-2.73564069651343," -0.79",23.8852948444722,"  7.4"
"187",2021-02-24,404,0,348.455666157465,1.04303303775941,"  0.30",33.8972307823237," 10.8"
"188",2021-02-23,425,0,347.412633119706,0.296783875109838,"  0.09",39.3971675194314," 12.8"
"189",2021-02-22,277,0,347.115849244596,3.58589938777902,"  1.04",46.6076940234483," 15.5"
"190",2021-02-21,269,0,343.529949856817,7.26078858415065,"  2.16",49.3231646965901," 16.8"
"191",2021-02-20,327,0,336.269161272666,6.12895197396409,"  1.86",43.9289891086142," 15.0"
"192",2021-02-19,382,0,330.140209298702,8.3054786822226,"  2.58",39.7985328635612," 13.7"
"193",2021-02-18,332,0,321.83473061648,7.27629524133812,"  2.31",31.5213474810583," 10.9"
"194",2021-02-17,419,0,314.558435375142,6.54296977486706,"  2.12",21.3636570892708,"  7.3"
"195",2021-02-16,286,0,308.015465600274,7.50731037912681,"  2.50",8.57679467416506,"  2.9"
"196",2021-02-15,260,0,300.508155221148,6.30137006092082,"  2.14",-7.99530273855243," -2.6"
"197",2021-02-14,244,0,294.206785160227,1.86661299617469,"  0.64",-24.4858543413214," -7.7"
"198",2021-02-13,287,0,292.340172164052,1.99849572891111,"  0.69",-36.7319917207249,"-11.2"
"199",2021-02-12,301,0,290.341676435141,0.0282932997197349,"  0.01",-50.9973960917143,"-14.9"
"200",2021-02-11,318,0,290.313383135421,-2.88139515044946," -0.98",-63.8397046694917,"-18.0"
"201",2021-02-10,348,0,293.194778285871,-6.24389264023864," -2.09",-72.0506271257,"-19.7"
"202",2021-02-09,336,0,299.438670926109,-9.06478703359068," -2.94",-80.1693309923243,"-21.1"
"203",2021-02-08,220,0,308.5034579597,-10.1891815418481," -3.20",-87.2478484954543,"-22.0"
"204",2021-02-07,268,0,318.692639501548,-10.3795243832288," -3.15",-87.5343547894494,"-21.5"
"205",2021-02-06,352,0,329.072163884777,-12.2669086420784," -3.59",-84.2932199009407,"-20.4"
"206",2021-02-05,361,0,341.339072526855,-12.8140152780576," -3.62",-76.7076041488191,"-18.3"
"207",2021-02-04,394,0,354.153087804913,-11.0923176066578," -3.04",-64.8303235986215,"-15.5"
"208",2021-02-03,403,0,365.245405411571,-14.3625965068629," -3.78",-59.211882924416,"-14.0"
"209",2021-02-02,456,0,379.608001918434,-16.1433045367207," -4.08",-54.2522483069053,"-12.5"
"210",2021-02-01,280,0,395.751306455154,-10.4756878358432," -2.58",-47.338030693265,"-10.7"
"211",2021-01-31,351,0,406.226994290998,-7.13838949472012," -1.73",-55.9822269734662,"-12.1"
"212",2021-01-30,468,0,413.365383785718,-4.68129288995681," -1.12",-73.6203834794894,"-15.1"
"213",2021-01-29,388,0,418.046676675675,-0.936734727859914," -0.22",-92.8321492116954,"-18.2"
"214",2021-01-28,519,0,418.983411403534,-5.47387693245241," -1.29",-118.803442611995,"-22.1"
"215",2021-01-27,473,0,424.457288335987,-9.40296188935213," -2.17",-137.374985916684,"-24.5"
"216",2021-01-26,468,0,433.860250225339,-9.22908692308033," -2.08",-147.47755726171,"-25.4"
"217",2021-01-25,362,0,443.089337148419,-19.1198841160445," -4.14",-166.802500552763,"-27.3"
"218",2021-01-24,358,0,462.209221264464,-24.7765460007433," -5.09",-174.737760658635,"-27.4"
"219",2021-01-23,451,0,486.985767265207,-23.8930586221628," -4.68",-175.183194373614,"-26.5"
"220",2021-01-22,567,0,510.87882588737,-26.9080281281593," -5.00",-186.588206126899,"-26.8"
"221",2021-01-21,642,0,537.786854015529,-24.0454202371415," -4.28",-188.582630964208,"-26.0"
"222",2021-01-20,671,0,561.832274252671,-19.5055332343787," -3.36",-177.525293862729,"-24.0"
"223",2021-01-19,670,0,581.337807487049,-28.5540302141325," -4.68",-180.394663836127,"-23.7"
"224",2021-01-18,462,0,609.891837701182,-27.0551442219172," -4.25",-195.688069137704,"-24.3"
"225",2021-01-17,460,0,636.946981923099,-25.2219797157215," -3.81",-211.641554503269,"-24.9"
"226",2021-01-16,743,0,662.168961638821,-35.2980703754484," -5.06",-222.29757833024,"-25.1"
"227",2021-01-15,703,0,697.467032014269,-28.9024529654679," -3.98",-214.073350126397,"-23.5"
"228",2021-01-14,779,0,726.369484979737,-12.9880831356624," -1.76",-206.329687855069,"-22.1"
"229",2021-01-13,966,0,739.357568115399,-22.3749032077769," -2.94",-206.86843860868,"-21.9"
"230",2021-01-12,867,0,761.732471323176,-43.8474355157099," -5.44",-193.055598929236,"-20.2"
"231",2021-01-11,675,0,805.579906838886,-43.0086295874823," -5.07",-136.611912512573,"-14.5"
"232",2021-01-10,627,0,848.588536426368,-35.8780035426922," -4.06",-91.6748337543827," -9.7"
"233",2021-01-09,809,0,884.466539969061,-27.0738421716059," -2.97",-70.9653862671789," -7.4"
"234",2021-01-08,982,0,911.540382140667,-21.1587906941389," -2.27",-59.7706585266857," -6.2"
"235",2021-01-07,1176,0,932.699172834805,-13.526833889274," -1.43",-65.3251902152581," -6.5"
"236",2021-01-06,966,0,946.22600672408,-8.56206352833271," -0.90",-94.2332653761282," -9.1"
"237",2021-01-05,1148,0,954.788070252412,12.5962509009532,"  1.34",-81.7870052913023," -7.9"
"238",2021-01-04,877,0,942.191819351459,1.92844917070784,"  0.21",-36.22635802124," -3.7"
"239",2021-01-03,1139,0,940.263370180751,-15.1685560554885," -1.59",12.1608273956025,"  1.3"
"240",2021-01-02,466,0,955.43192623624,-15.8791144311126," -1.63",48.2017325571259,"  5.3"
"241",2021-01-01,921,0,971.311040667352,-26.7133223827113," -2.68",51.522531367388,"  5.6"
"242",2020-12-31,1360,0,998.024363050064,-42.4349090501441," -4.08",23.4229383544917,"  2.4"
"243",2020-12-30,1263,0,1040.45927210021,3.88419655649318,"  0.37",-12.8795750901188," -1.2"
"244",2020-12-29,1364,0,1036.57507554371,58.1568981710155,"  5.94",-92.3467167453232," -8.2"
"245",2020-12-28,896,0,978.418177372699,50.3156345875503,"  5.42",-236.727877567424,"-19.5"
"246",2020-12-27,955,0,928.102542785149,20.8723491060349,"  2.30",-362.809647268398,"-28.1"
"247",2020-12-26,485,0,907.230193679114,-12.5583156208505," -1.37",-432.937291647652,"-32.3"
"248",2020-12-25,904,0,919.788509299964,-54.8129153956075," -5.62",-464.664853527504,"-33.6"
"249",2020-12-24,1239,0,974.601424695572,-78.7374224947547," -7.48",-426.447312458271,"-30.4"
"250",2020-12-23,1130,0,1053.33884719033,-75.5829450987112," -6.70",-350.292460084838,"-25.0"
"251",2020-12-22,1336,0,1128.92179228904,-86.2242626510852," -7.10",-323.334096411245,"-22.3"
"252",2020-12-21,1052,0,1215.14605494012,-75.7661351134241," -5.87",-310.300648645817,"-20.3"
"253",2020-12-20,1251,0,1290.91219005355,-49.2552952732185," -3.68",-293.414310918274,"-18.5"
"254",2020-12-19,1308,0,1340.16748532677,-44.2858775007023," -3.20",-298.970908711724,"-18.2"
"255",2020-12-18,1369,0,1384.45336282747,-16.5953743263753," -1.18",-272.929390922299,"-16.5"
"256",2020-12-17,1460,0,1401.04873715384,-2.58257012132094," -0.18",-246.720854573008,"-15.0"
"257",2020-12-16,1593,0,1403.63130727516,-48.624581425119," -3.35",-256.84942308389,"-15.5"
"258",2020-12-15,1287,0,1452.25588870028,-73.1908148856567," -4.80",-227.625754542675,"-13.6"
"259",2020-12-14,1341,0,1525.44670358594,-58.8797973858816," -3.72",-172.955769343714,"-10.2"
"260",2020-12-13,1865,0,1584.32650097182,-54.8118930666681," -3.34",-144.179336313582," -8.3"
"261",2020-12-12,1709,0,1639.13839403849,-18.244359711277," -1.10",-114.292261068313," -6.5"
"262",2020-12-11,1597,0,1657.38275374977,9.61316202291505,"  0.58",-111.924735337182," -6.3"
"263",2020-12-10,1746,0,1647.76959172685,-12.7111386322028," -0.77",-137.495810862081," -7.7"
"264",2020-12-09,1596,0,1660.48073035905,-19.4009128839039," -1.15",-104.746946851854," -5.9"
"265",2020-12-08,1494,0,1679.88164324296,-18.5208296866956," -1.09",-34.1895470844661," -2.0"
"266",2020-12-07,1794,0,1698.40247292965,-30.1033643557498," -1.74",54.37748426397,"  3.3"
"267",2020-12-06,1725,0,1728.5058372854,-24.9248178213991," -1.42",168.430348673262," 10.8"
"268",2020-12-05,1829,0,1753.4306551068,-15.8768339801459," -0.90",288.19800536831," 19.7"
"269",2020-12-04,1881,0,1769.30748908695,-15.9579135019837," -0.89",383.790572769431," 27.7"
"270",2020-12-03,1795,0,1785.26540258893,20.0377253780241,"  1.14",448.142725300995," 33.5"
"271",2020-12-02,1851,0,1765.22767721091,51.1564868834839,"  2.98",454.461141706632," 34.7"
"272",2020-12-01,1696,0,1714.07119032742,70.0462016617405,"  4.26",403.796033447637," 30.8"
"273",2020-11-30,1317,0,1644.02498866568,83.9495000535419,"  5.38",311.344492452318," 23.4"
"274",2020-11-29,1711,0,1560.07548861214,94.8428388736488,"  6.47",227.10529809735," 17.0"
"275",2020-11-28,1594,0,1465.23264973849,79.7157334209751,"  5.75",173.693748956495," 13.4"
"276",2020-11-27,1715,0,1385.51691631752,48.3942390295806,"  3.62",165.094857109866," 13.5"
"277",2020-11-26,1229,0,1337.12267728794,26.3561417836611,"  2.01",220.326271426926," 19.7"
"278",2020-11-25,1084,0,1310.76653550428,0.491378624489471,"  0.04",291.335121690519," 28.6"
"279",2020-11-24,1271,0,1310.27515687979,-22.4053393335785," -1.68",357.540418786367," 37.5"
"280",2020-11-23,1120,0,1332.68049621337,-0.289694301426152," -0.02",424.997036508816," 46.8"
"281",2020-11-22,1529,0,1332.97019051479,41.4312897327939,"  3.21",452.651652217804," 51.4"
"282",2020-11-21,1562,0,1291.538900782,71.1168415743452,"  5.83",420.547982731214," 48.3"
"283",2020-11-20,1334,0,1220.42205920765,103.625653346641,"  9.28",357.07437481012," 41.4"
"284",2020-11-19,1140,0,1116.79640586101,97.3649920472542,"  9.55",266.977708453904," 31.4"
"285",2020-11-18,1102,0,1019.43141381376,66.6966757203375,"  7.00",195.352236688286," 23.7"
"286",2020-11-17,729,0,952.73473809342,45.051278388871,"  4.96",170.214372282561," 21.8"
"287",2020-11-16,766,0,907.683459704549,27.3649214075613,"  3.11",166.65100093098," 22.5"
"288",2020-11-15,852,0,880.318538296988,9.32762024620456,"  1.07",167.841217654702," 23.6"
"289",2020-11-14,983,0,870.990918050783,7.64323365325072,"  0.89",179.406686798963," 25.9"
"290",2020-11-13,1017,0,863.347684397532,13.5289869904245,"  1.59",182.850195139405," 26.9"
"291",2020-11-12,896,0,849.818697407108,25.7395202816366,"  3.12",171.741485960053," 25.3"
"292",2020-11-11,855,0,824.079177125471,41.5588113146126,"  5.31",152.964335193872," 22.8"
"293",2020-11-10,676,1,782.520365810859,41.4879070372898,"  5.60",133.111415016455," 20.5"
"294",2020-11-09,724,0,741.032458773569,28.5551381312828,"  4.01",122.523168343711," 19.8"
"295",2020-11-08,631,0,712.477320642286,20.8930893904661,"  3.02",122.903968166343," 20.8"
"296",2020-11-07,640,0,691.58423125182,11.086741993693,"  1.63",126.037142960105," 22.3"
"297",2020-11-06,825,0,680.497489258127,2.42027781107197,"  0.36",142.823039220738," 26.6"
"298",2020-11-05,736,0,678.077211447055,6.96236951545598,"  1.04",167.042833460264," 32.7"
"299",2020-11-04,771,0,671.114841931599,21.7058911371955,"  3.34",179.126457198392," 36.4"
"300",2020-11-03,537,0,649.408950794404,30.8996603645458,"  5.00",167.902804679862," 34.9"
"301",2020-11-02,571,0,618.509290429858,28.9359379539146,"  4.91",139.801975545896," 29.2"
"302",2020-11-01,605,0,589.573352475943,24.0262641842286,"  4.25",118.588587230415," 25.2"
"303",2020-10-31,524,0,565.547088291715,27.8726382543258,"  5.18",105.7414576533," 23.0"
"304",2020-10-30,589,0,537.674450037389,26.6400720505981,"  5.21",88.925149512424," 19.8"
"305",2020-10-29,614,0,511.034377986791,19.0459932535837,"  3.87",81.6215579644804," 19.0"
"306",2020-10-28,479,0,491.988384733207,10.4822386186654,"  2.18",87.4281220303588," 21.6"
"307",2020-10-27,407,0,481.506146114542,2.79883123057948,"  0.58",99.1307004767738," 25.9"
"308",2020-10-26,416,0,478.707314883962,7.72254963843426,"  1.64",127.177501298004," 36.2"
"309",2020-10-25,501,0,470.984765245528,11.1791346071132,"  2.43",148.738932326124," 46.2"
"310",2020-10-24,578,0,459.805630638415,11.05633011345,"  2.46",158.62319447025," 52.7"
"311",2020-10-23,390,0,448.749300524965,19.3364805026544,"  4.50",166.542111460891," 59.0"
"312",2020-10-22,442,0,429.41282002231,24.8525573194621,"  6.14",161.113615261244," 60.0"
"313",2020-10-21,436,0,404.560262702848,22.1848170650804,"  5.80",143.316736674787," 54.9"
"314",2020-10-20,392,0,382.375445637768,30.84563205181,"  8.77",130.336617438432," 51.7"
"315",2020-10-19,324,0,351.529813585958,29.2839806665538,"  9.09",108.116390786224," 44.4"
"316",2020-10-18,370,0,322.245832919404,21.0633967512393,"  6.99",84.0509939965889," 35.3"
"317",2020-10-17,225,0,301.182436168165,18.9752471040907,"  6.72",68.6294888775709," 29.5"
"318",2020-10-16,307,0,282.207189064074,13.907984303008,"  5.18",54.0617731258246," 23.7"
"319",2020-10-15,319,0,268.299204761066,7.05567873300504,"  2.70",43.3956906932268," 19.3"
"320",2020-10-14,242,0,261.243526028061,9.20469782872533,"  3.65",40.2953294476382," 18.2"
"321",2020-10-13,242,0,252.038828199336,8.62540539960131,"  3.54",33.664321884221," 15.4"
"322",2020-10-12,221,0,243.413422799734,5.21858387691913,"  2.19",27.6676574617143," 12.8"
"323",2020-10-11,241,0,238.194838922815,5.64189163222127,"  2.43",29.6826552066242," 14.2"
"324",2020-10-10,250,0,232.552947290594,4.40753135234445,"  1.93",35.7100369839609," 18.1"
"325",2020-10-09,258,0,228.145415938249,3.24190187041029,"  1.44",43.4773939995555," 23.5"
"326",2020-10-08,186,0,224.903514067839,3.95531748741644,"  1.79",51.4919739883004," 29.7"
"327",2020-10-07,218,0,220.948196580423,2.57369026530816,"  1.18",59.7881975932373," 37.1"
"328",2020-10-06,243,0,218.374506315115,2.62874097709459,"  1.22",68.1296391391951," 45.3"
"329",2020-10-05,206,0,215.74576533802,7.23358162182902,"  3.47",70.767035106187," 48.8"
"330",2020-10-04,213,0,208.512183716191,11.669273409558,"  5.93",65.4317797133145," 45.7"
"331",2020-10-03,196,0,196.842910306633,12.174888367939,"  6.59",55.4191874039059," 39.2"
"332",2020-10-02,222,0,184.668021938694,11.2564818591552,"  6.49",44.1344457697168," 31.4"
"333",2020-10-01,147,0,173.411540079539,12.2515410923533,"  7.60",33.1638191899252," 23.6"
"334",2020-09-30,154,0,161.159998987185,10.915131811266,"  7.26",20.7972695377288," 14.8"
"335",2020-09-29,175,0,150.244867175919,5.26613694408644,"  3.63",10.7921135825485,"  7.7"
"336",2020-09-28,127,0,144.978730231833,1.89832622895656,"  1.33",8.02721521372533,"  5.9"
"337",2020-09-27,121,0,143.080404002876,1.65668110014943,"  1.17",7.12673562178628,"  5.2"
"338",2020-09-26,155,0,141.423722902727,0.890146733749845,"  0.63",4.47583728674567,"  3.3"
"339",2020-09-25,175,0,140.533576168977,0.285855279363687,"  0.20",0.712304003797072,"  0.5"
"340",2020-09-24,124,0,140.247720889614,-0.115008559843147," -0.08",-4.40408379963944," -3.0"
"341",2020-09-23,129,0,140.362729449457,0.909975856085708,"  0.65",-8.43096102706517," -5.7"
"342",2020-09-22,128,0,139.452753593371,2.50123857526324,"  1.83",-11.4616788198114," -7.6"
"343",2020-09-21,156,0,136.951515018108,0.997846637017517,"  0.73",-11.5023855300397," -7.7"
"344",2020-09-20,152,0,135.95366838109,-0.994217234891181," -0.73",-2.95125719196079," -2.1"
"345",2020-09-19,120,0,136.947885615981,-2.87338654919876," -2.06",7.21164051430088,"  5.6"
"346",2020-09-18,137,0,139.82127216518,-4.83053252407282," -3.34",15.554062090712," 12.5"
"347",2020-09-17,125,0,144.651804689253,-4.14188578726888," -2.78",24.7842771181287," 20.7"
"348",2020-09-16,182,0,148.793690476522,-2.12074193666052," -1.41",29.0273754177978," 24.2"
"349",2020-09-15,170,0,150.914432413182,2.46053186503497,"  1.66",26.1769927730829," 21.0"
"350",2020-09-14,123,0,148.453900548147,9.5489749750964,"  6.87",16.7837908232545," 12.7"
"351",2020-09-13,137,0,138.904925573051,9.16868047137049,"  7.07",-1.32286773065493," -0.9"
"352",2020-09-12,166,0,129.73624510168,5.46903502721234,"  4.40",-16.7903593729849,"-11.5"
"353",2020-09-11,115,0,124.267210074468,4.39968250334391,"  3.67",-21.8082521165448,"-14.9"
"354",2020-09-10,116,0,119.867527571124,0.101212512400238,"  0.08",-23.2338172442014,"-16.2"
"355",2020-09-09,113,0,119.766315058724,-4.97112458137549," -3.99",-21.5345220187036,"-15.2"
"356",2020-09-08,97,0,124.737439640099,-6.93267008479337," -5.27",-14.1168315326688,"-10.2"
"357",2020-09-07,147,0,131.670109724893,-8.55768357881306," -6.10",-6.7277807261616," -4.9"
"358",2020-09-06,134,0,140.227793303706,-6.29881117095942," -4.30",1.01914229991846,"  0.7"
"359",2020-09-05,168,0,146.526604474665,0.451142283652388,"  0.31",8.87217430016196,"  6.4"
"360",2020-09-04,169,0,146.075462191013,2.97411737568729,"  2.08",13.158404499544,"  9.9"
"361",2020-09-03,157,0,143.101344815326,1.8005077378981,"  1.27",16.1321835146872," 12.7"
"362",2020-09-02,132,0,141.300837077428,2.44656590465925,"  1.76",24.8791173328657," 21.4"
"363",2020-09-01,109,0,138.854271172768,0.456380721713856,"  0.33",32.9794091049079," 31.1"
"364",2020-08-31,152,0,138.397890451054,-0.810760552733001," -0.58",40.2814538711661," 41.1"
"365",2020-08-30,109,0,139.208651003787,1.55422082928408,"  1.13",46.7223451186406," 50.5"
"366",2020-08-29,181,0,137.654430174503,4.73737248303442,"  3.56",46.4528429072286," 50.9"
"367",2020-08-28,142,0,132.917057691469,5.94789639083049,"  4.68",39.2798212099862," 41.9"
"368",2020-08-27,153,0,126.969161300638,10.5474415560766,"  9.06",32.4750651499573," 34.4"
"369",2020-08-26,104,0,116.421719744562,10.5468576767015,"  9.96",20.4483439401404," 21.3"
"370",2020-08-25,125,0,105.87486206786,7.75842548797208,"  7.91",7.49560975683424,"  7.6"
"371",2020-08-24,73,0,98.1164365798883,5.63013069474147,"  6.09",1.81791586790209,"  1.9"
"372",2020-08-23,70,0,92.4863058851469,1.28471861787204,"  1.41",-0.280437589676026," -0.3"
"373",2020-08-22,103,0,91.2015872672748,-2.43564921420797," -2.60",1.95430571785327,"  2.2"
"374",2020-08-21,88,0,93.6372364814828,-0.8568596691984," -0.91",8.43668514633313,"  9.9"
"375",2020-08-20,140,0,94.4940961506812,-1.47927965374032," -1.54",11.2215337534782," 13.5"
"376",2020-08-19,101,0,95.9733758044215,-2.40587650660466," -2.45",12.7922777846954," 15.4"
"377",2020-08-18,81,0,98.3792523110262,2.08073159903992,"  2.16",15.8413092106167," 19.2"
"378",2020-08-17,85,0,96.2985207119862,3.53177723716335,"  3.81",11.2413370501488," 13.2"
"379",2020-08-16,95,0,92.7667434748229,3.51946192540134,"  3.94",4.8234252499914,"  5.5"
"380",2020-08-15,83,0,89.2472815494215,4.04673021427189,"  4.75",1.57426595578866,"  1.8"
"381",2020-08-14,104,0,85.2005513351497,1.92798893794664,"  2.32",-0.947234933408851," -1.1"
"382",2020-08-13,81,0,83.272562397203,0.0914643774769104,"  0.11",-2.24930347685942," -2.6"
"383",2020-08-12,72,0,83.1810980197261,0.643154919316615,"  0.78",0.173998723857224,"  0.2"
"384",2020-08-11,116,0,82.5379431004095,-2.51924056142796," -2.96",2.25280670730356,"  2.8"
"385",2020-08-10,86,0,85.0571836618375,-2.88613456299403," -3.28",6.32947983183332,"  8.0"
"386",2020-08-09,45,0,87.9433182248315,0.270302631198604,"  0.31",7.42717873946739,"  9.2"
"387",2020-08-08,97,0,87.6730155936329,1.52522932507438,"  1.77",2.11899627549386,"  2.5"
"388",2020-08-07,111,0,86.1477862685585,0.625920394496063,"  0.73",-6.09336343370809," -6.6"
"389",2020-08-06,128,0,85.5218658740624,2.51476657819356,"  3.03",-12.3432638990073,"-12.6"
"390",2020-08-05,61,0,83.0070992958689,2.72196290276295,"  3.39",-19.6946226012916,"-19.2"
"391",2020-08-04,94,0,80.2851363931059,1.5574325631018,"  1.98",-26.247539826995,"-24.6"
"392",2020-08-03,64,0,78.7277038300041,-1.78843565535996," -2.22",-28.0759270026665,"-26.3"
"393",2020-08-02,73,0,80.5161394853641,-5.03787983277493," -5.89",-23.8921237330774,"-22.9"
"394",2020-08-01,67,0,85.554019318139,-6.68713038412757," -7.25",-18.1556205515931,"-17.5"
"395",2020-07-31,99,0,92.2411497022666,-5.62398007080317," -5.75",-13.7651181399334,"-13.0"
"396",2020-07-30,124,0,97.8651297730698,-4.83659212409076," -4.71",-11.8665623813925,"-10.8"
"397",2020-07-29,118,0,102.701721897161,-3.83095432294036," -3.60",-11.4637083129891,"-10.0"
"398",2020-07-28,131,0,106.532676220101,-0.27095461256971," -0.25",-10.192731698773," -8.7"
"399",2020-07-27,81,0,106.803630832671,2.39536761422907,"  2.29",-11.7951503001113," -9.9"
"400",2020-07-26,89,0,104.408263218442,0.698623348709361,"  0.67",-15.9236508432783,"-13.2"
"401",2020-07-25,98,0,103.709639869732,-2.29662797246785," -2.17",-13.7126390297095,"-11.7"
"402",2020-07-24,117,0,106.0062678422,-3.72542431226225," -3.40",-6.98419910196631," -6.2"
"403",2020-07-23,116,0,109.731692154462,-4.43373805568741," -3.88",0.563696145207686,"  0.5"
"404",2020-07-22,113,0,114.16543021015,-2.55997770872423," -2.19",11.2793340375856," 11.0"
"405",2020-07-21,136,0,116.725407918874,-1.87337321390804," -1.58",21.5078596815474," 22.6"
"406",2020-07-20,131,0,118.598781132782,-1.73313292893791," -1.44",29.2166478531433," 32.7"
"407",2020-07-19,88,0,120.33191406172,2.90963516227818,"  2.48",37.6713348012291," 45.6"
"408",2020-07-18,102,0,117.422278899442,4.43181195527535,"  3.92",41.9391024793055," 55.6"
"409",2020-07-17,168,0,112.990466944166,3.82247093491175,"  3.50",45.671822727988," 67.8"
"410",2020-07-16,103,0,109.167996009255,6.28189983669053,"  6.11",49.5005894936781," 83.0"
"411",2020-07-15,115,0,102.886096172564,7.66854793523753,"  8.05",49.0833106713175," 91.2"
"412",2020-07-14,85,0,95.2175482373265,5.83541495768792,"  6.53",45.1668110068178," 90.2"
"413",2020-07-13,87,0,89.3821332796386,6.72155401914787,"  8.13",42.2041496679878," 89.5"
"414",2020-07-12,78,0,82.6605792604907,7.17740284035453,"  9.51",37.9205582537967," 84.8"
"415",2020-07-11,90,0,75.4831764201362,8.16453220395785," 12.13",31.222436051641," 70.5"
"416",2020-07-10,62,0,67.3186442161783,7.65123770060192," 12.82",22.1251432728391," 49.0"
"417",2020-07-09,74,0,59.6674065155764,5.86462101432983," 10.90",14.6277660323217," 32.5"
"418",2020-07-08,43,0,53.8027855012466,3.75204827073783,"  7.50",8.01595040349322," 17.5"
"419",2020-07-07,44,0,50.0507372305088,2.87275361885798,"  6.09",1.75766717251867,"  3.6"
"420",2020-07-06,49,0,47.1779836116508,2.43796260495674,"  5.45",-1.4630304723747," -3.0"
"421",2020-07-05,48,0,44.740021006694,0.47928063819888,"  1.08",-3.37548190403747," -7.0"
"422",2020-07-04,48,0,44.2607403684951,-0.932760574844089," -2.06",-2.46426068021775," -5.3"
"423",2020-07-03,30,0,45.1935009433392,0.153860460084502,"  0.34",1.98205658247572,"  4.6"
"424",2020-07-02,55,0,45.0396404832547,-0.747194614498625," -1.63",4.50856930062439," 11.1"
"425",2020-07-01,64,0,45.7868350977534,-2.50623496023672," -5.19",7.17419895678872," 18.6"
"426",2020-06-30,33,0,48.2930700579901,-0.347944026035385," -0.72",12.2325214039425," 33.9"
"427",2020-06-29,44,0,48.6410140840255,0.525511173293964,"  1.09",12.7355412709014," 35.5"
"428",2020-06-28,68,0,48.1155029107315,1.3905018620186,"  2.98",10.4856965328017," 27.9"
"429",2020-06-27,37,0,46.7250010487129,3.51355668784938,"  8.13",8.19568261875741," 21.3"
"430",2020-06-26,66,0,43.2114443608635,2.68037317823318,"  6.61",3.35235631812096,"  8.4"
"431",2020-06-25,36,0,40.5310711826303,1.9184350416657,"  4.97",-1.6780262655214," -4.0"
"432",2020-06-24,25,0,38.6126361409646,2.55208748691702,"  7.08",-5.01083862103889,"-11.5"
"433",2020-06-23,45,0,36.0605486540476,0.155075840923516,"  0.43",-7.74539151934304,"-17.7"
"434",2020-06-22,41,0,35.9054728131241,-1.72433356480573," -4.58",-6.44944915533861,"-15.2"
"435",2020-06-21,33,0,37.6298063779298,-0.899512052025656," -2.33",-1.81746864463412," -4.6"
"436",2020-06-20,30,0,38.5293184299555,-1.32976961278707," -3.34",0.42006327569144,"  1.1"
"437",2020-06-19,47,0,39.8590880427426,-2.35000940540919," -5.57",1.70610440234983,"  4.5"
"438",2020-06-18,46,0,42.2090974481517,-1.41437731385179," -3.24",4.76754887832097," 12.7"
"439",2020-06-17,46,0,43.6234747620035,-0.182465411387128," -0.42",7.29548608536544," 20.1"
"440",2020-06-16,45,0,43.8059401733907,1.45101820492795,"  3.43",8.68904580898472," 24.7"
"441",2020-06-15,36,0,42.3549219684627,2.90764694589875,"  7.37",9.73549506889783," 29.8"
"442",2020-06-14,53,0,39.447275022564,1.3380198682999,"  3.51",9.75903730820832," 32.9"
"443",2020-06-13,35,0,38.109255154264,-0.0437284861286784," -0.11",11.4552552461664," 43.0"
"444",2020-06-12,27,0,38.1529836403927,0.711435070561947,"  1.90",14.0341810654161," 58.2"
"445",2020-06-11,43,0,37.4415485698308,1.11355989319269,"  3.07",14.7898950201073," 65.3"
"446",2020-06-10,48,0,36.3279886766381,1.21109431223215,"  3.45",14.2377609615479," 64.5"
"447",2020-06-09,38,0,35.1168943644059,2.49746746484107,"  7.66",13.1148099832043," 59.6"
"448",2020-06-08,24,0,32.6194268995649,2.93118918520925,"  9.87",9.89974120623484," 43.6"
"449",2020-06-07,33,0,29.6882377143556,3.03423780625802," 11.38",5.58896130953594," 23.2"
"450",2020-06-06,23,0,26.6539999080976,2.53519733312103," 10.51",1.42580909645802,"  5.7"
"451",2020-06-05,37,0,24.1188025749766,1.46714902525313,"  6.48",-1.20927179460384," -4.8"
"452",2020-06-04,19,0,22.6516535497234,0.561425834633237,"  2.54",-1.83618700509975," -7.5"
"453",2020-06-03,18,0,22.0902277150902,0.0881433338885209,"  0.40",-1.46461949771739," -6.2"
"454",2020-06-02,19,0,22.0020843812017,-0.717601312128345," -3.16",-1.11176017240155," -4.8"
"455",2020-06-01,21,0,22.71968569333,-1.37959071148966," -5.72",-0.35028253348613," -1.5"
"456",2020-05-31,34,0,24.0992764048197,-1.1289144068199," -4.47",0.773358346923501,"  3.3"
"457",2020-05-30,20,0,25.2281908116396,-0.0998835579408315," -0.39",0.51663330698829,"  2.1"
"458",2020-05-29,30,0,25.3280743695804,0.840233814757223,"  3.43",-1.74279916824927," -6.4"
"459",2020-05-28,28,0,24.4878405548232,0.932993342015592,"  3.96",-5.48535216497128,"-18.3"
"460",2020-05-27,27,0,23.5548472128076,0.441002659204365,"  1.91",-10.0700644313589,"-29.9"
"461",2020-05-26,19,0,23.1138445536032,0.0438763267870748,"  0.19",-15.0027112369694,"-39.4"
"462",2020-05-25,13,0,23.0699682268162,-0.255949831080024," -1.10",-20.1545406929375,"-46.6"
"463",2020-05-24,29,0,23.3259180578962,-1.38563944675511," -5.61",-25.1856119714095,"-51.9"
"464",2020-05-23,32,0,24.7115575046513,-2.35931603317839," -8.72",-27.4293815298928,"-52.6"
"465",2020-05-22,27,0,27.0708735378297,-2.90231918196479," -9.68",-28.3808761482364,"-51.2"
"466",2020-05-21,30,0,29.9731927197945,-3.65171892437207,"-10.86",-29.5660279718533,"-49.7"
"467",2020-05-20,27,0,33.6249116441666,-4.4916441464061,"-11.78",-28.976521274783,"-46.3"
"468",2020-05-19,43,0,38.1165557905727,-5.10795312918101,"-11.82",-27.2576878503306,"-41.7"
"469",2020-05-18,38,0,43.2245089197537,-5.28702110955206,"-10.90",-25.44905141365,"-37.1"
"470",2020-05-17,46,0,48.5115300293057,-3.62940900523842," -6.96",-22.2051379572143,"-31.4"
"471",2020-05-16,54,0,52.1409390345441,-3.31081065152193," -5.97",-19.6138363901112,"-27.3"
"472",2020-05-15,73,0,55.4517496860661,-4.08747100558171," -6.87",-16.2142526660035,"-22.6"
"473",2020-05-14,61,0,59.5392206916478,-3.06221222730174," -4.89",-11.0563620836023,"-15.7"
"474",2020-05-13,62,0,62.6014329189495,-2.77281072195376," -4.24",-8.95793974156264,"-12.5"
"475",2020-05-12,70,0,65.3742436409033,-3.2993166925004," -4.80",-9.43770657622314,"-12.6"
"476",2020-05-11,47,0,68.6735603334037,-2.04310765311637," -2.89",-12.8906503179134,"-15.8"
"477",2020-05-10,71,0,70.7166679865201,-1.03810743813527," -1.45",-23.6576839512758,"-25.1"
"478",2020-05-09,85,0,71.7547754246553,0.0887730725857523,"  0.12",-41.6169442676996,"-36.7"
"479",2020-05-08,77,0,71.6660023520696,1.07041957681953,"  1.52",-65.4683343244798,"-47.7"
"480",2020-05-07,87,0,70.59558277525,-0.96378988526213," -1.35",-95.4776454274353,"-57.5"
"481",2020-05-06,65,0,71.5593726605122,-3.25257755661426," -4.35",-122.225131702809,"-63.1"
"482",2020-05-05,62,0,74.8119502171264,-6.75226043419062," -8.28",-139.781900391998,"-65.1"
"483",2020-05-04,79,0,81.564210651317,-12.8101412864788,"-13.57",-143.779433450029,"-63.8"
"484",2020-05-03,70,0,94.3743519377959,-18.997367754559,"-16.76",-135.008523392989,"-58.9"
"485",2020-05-02,112,0,113.371719692355,-23.7626169841945,"-17.33",-122.053439208609,"-51.8"
"486",2020-05-01,141,0,137.134336676549,-28.9388915261359,"-17.43",-106.150686955496,"-43.6"
"487",2020-04-30,222,0,166.073228202685,-27.7112761606362,"-14.30",-81.5906346873835,"-32.9"
"488",2020-04-29,231,0,193.784504363322,-20.8093462458025," -9.70",-55.5713627910734,"-22.3"
"489",2020-04-28,249,0,214.593850609124,-10.7497934922224," -4.77",-30.8405079547248,"-12.6"
"490",2020-04-27,178,0,225.343644101346,-4.0392312294386," -1.76",-7.0983640712895," -3.1"
"491",2020-04-26,203,0,229.382875330785,-6.04228357017882," -2.57",14.306740083701,"  6.7"
"492",2020-04-25,222,0,235.425158900964,-7.85986473108142," -3.23",42.4610369052753," 22.0"
"493",2020-04-24,232,0,243.285023632045,-4.3788392580235," -1.77",74.5988845135783," 44.2"
"494",2020-04-23,340,0,247.663862890069,-1.69200426432616," -0.68",102.653425918406," 70.8"
"495",2020-04-22,294,0,249.355867154395,3.9215085905461,"  1.60",125.869325122852,"101.9"
"496",2020-04-21,264,0,245.434358563849,12.9923503912129,"  5.59",140.250902156498,"133.3"
"497",2020-04-20,183,0,232.442008172636,17.3658729255519,"  8.07",142.524377580954,"158.5"
"498",2020-04-19,201,0,215.076135247084,22.1120132513954," 11.46",140.154814940343,"187.1"
"499",2020-04-18,187,0,192.964121995689,24.2779828772216," 14.39",131.783671556409,"215.4"
"500",2020-04-17,213,0,168.686139118467,23.6757021468043," 16.33",118.455086895292,"235.8"
"501",2020-04-16,146,0,145.010436971663,21.52389494012," 17.43",101.646547614478,"234.4"
"502",2020-04-15,133,0,123.486542031543,18.3030856241922," 17.40",82.7448191765042,"203.1"
"503",2020-04-14,127,0,105.18345640735,15.2658258156685," 16.98",63.3044567914648,"151.2"
"504",2020-04-13,68,0,89.9176305916819,14.9963102849406," 20.02",43.9468163286359," 95.6"
"505",2020-04-12,68,0,74.9213203067413,13.7408698674619," 22.46",22.0892367796909," 41.8"
"506",2020-04-11,65,0,61.1804504392794,10.9493982161041," 21.80",-1.43620489198683," -2.3"
"507",2020-04-10,49,0,50.2310522231752,6.86716286599038," 15.84",-23.6030135433893,"-32.0"
"508",2020-04-09,45,0,43.3638893571848,2.62216650214637,"  6.44",-39.2045995224212,"-47.5"
"509",2020-04-08,33,0,40.7417228550385,-1.13727676084715," -2.72",-42.3488998348407,"-51.0"
"510",2020-04-07,53,0,41.8789996158856,-4.09181464716039," -8.90",-34.3338016478106,"-45.0"
"511",2020-04-06,34,0,45.970814263046,-6.86126926400441,"-12.99",-21.0807207579481,"-31.4"
"512",2020-04-05,42,0,52.8320835270504,-9.78457180421577,"-15.63",-7.17979745606883,"-12.0"
"513",2020-04-04,60,0,62.6166553312662,-11.2174104352983,"-15.19",6.86591272314337," 12.3"
"514",2020-04-03,71,0,73.8340657665645,-8.7344231130416,"-10.58",18.1012730563062," 32.5"
"515",2020-04-02,122,0,82.5684888796061,-0.522133810273061," -0.63",24.8069678146274," 42.9"
"516",2020-04-01,108,0,83.0906226898792,6.87782142618296,"  9.02",24.2814886913126," 41.3"
"517",2020-03-31,132,0,76.2128012636962,9.16126624270213," 13.66",18.3965406000396," 31.8"
"518",2020-03-30,40,0,67.0515350209941,7.03965403787482," 11.73",12.8421795350623," 23.7"
"519",2020-03-29,34,0,60.0118809831192,4.26113837499643,"  7.64",10.454966860081," 21.1"
"520",2020-03-28,54,0,55.7507426081228,0.0179498978644901,"  0.03",11.7524105180277," 26.7"
"521",2020-03-27,85,0,55.7327927102583,-2.02872835472041," -3.51",19.8043892537855," 55.1"
"522",2020-03-26,53,0,57.7615210649787,-1.04761293358777," -1.78",30.0507419160134,"108.4"
"523",2020-03-25,63,0,58.8091339985665,0.992873334909952,"  1.72",35.5829686151894,"153.2"
"524",2020-03-24,68,0,57.8162606636566,3.6069051777248,"  6.65",37.4794172120441,"184.3"
"525",2020-03-23,53,0,54.2093554859318,4.65244136289355,"  9.39",36.5934961854649,"207.7"
"526",2020-03-22,47,0,49.5569141230382,5.55858203294309," 12.63",35.023820742464,"241.0"
"527",2020-03-21,35,0,43.9983320900951,8.06992863362224," 22.46",32.6294316234303,"287.0"
"528",2020-03-20,47,0,35.9284034564729,8.21762430750758," 29.65",27.2080775275259,"312.0"
"529",2020-03-19,32,0,27.7107791489653,4.48461376558818," 19.31",20.7431427272587,"297.7"
"530",2020-03-18,29,0,23.2261653833771,2.88932193176468," 14.21",17.481930356936,"304.3"
"531",2020-03-17,11,0,20.3368434516124,2.72098415114555," 15.45",15.7840147948463,"346.7"
"532",2020-03-16,24,0,17.6158593004669,3.08276591989264," 21.21",13.9312907875038,"378.1"
"533",2020-03-15,11,0,14.5330933805743,3.16419291390943," 27.83",11.5397524303557,"385.5"
"534",2020-03-14,22,0,11.3689004666648,2.64857453771786," 30.37",NA,"   NA"
"535",2020-03-13,8,0,8.72032592894696,1.75268950724034," 25.15",NA,"   NA"
"536",2020-03-12,3,0,6.96763642170662,1.2234013952655," 21.30",NA,"   NA"
"537",2020-03-11,7,0,5.74423502644112,1.191406369675," 26.17",NA,"   NA"
"538",2020-03-10,9,0,4.55282865676612,0.868260143803019," 23.56",NA,"   NA"
"539",2020-03-09,6,0,3.6845685129631,0.691227562744578," 23.09",NA,"   NA"
"540",2020-03-06,1,0,2.99334095021852,NA,"    NA",NA,"   NA"
