"AGE","POP","D_1","D_1_PERC","D_2","D_2_PERC","TOTAL","DATE"
"00-15",881538,0,0,0,0,0,2021-04-25
"16-19",206988,7934,3.8,703,0.3,8637,2021-04-25
"20-24",276991,22297,8,4365,1.6,26662,2021-04-25
"25-29",310735,32596,10.5,8590,2.8,41186,2021-04-25
"30-34",356322,42014,11.8,10483,2.9,52497,2021-04-25
"35-39",366699,50091,13.7,11589,3.2,61680,2021-04-25
"40-44",325544,74892,23,10815,3.3,85707,2021-04-25
"45-49",291312,74955,25.7,10227,3.5,85182,2021-04-25
"50-54",262948,79811,30.4,9113,3.5,88924,2021-04-25
"55-59",285387,117453,41.2,9165,3.2,126618,2021-04-25
"60-64",271707,148057,54.5,9736,3.6,157793,2021-04-25
"65-69",217596,159791,73.4,7070,3.2,166861,2021-04-25
"70-74",166506,128360,77.1,18468,11.1,146828,2021-04-25
"75-79",107003,86532,80.9,66890,62.5,153422,2021-04-25
"80-84",69877,58076,83.1,45907,65.7,103983,2021-04-25
"85-89",44852,37526,83.7,30547,68.1,68073,2021-04-25
"90+",28637,24174,84.4,20615,72,44789,2021-04-25
"Unknown",NA,340,0,6,0,346,2021-04-25
"ALL",4470643,1144899,25.6,274289,6.1,1419188,2021-04-25
"00-15",881538,0,0,0,0,0,2021-04-26
"16-19",206988,8278,4,711,0.3,8989,2021-04-26
"20-24",276991,23118,8.3,4384,1.6,27502,2021-04-26
"25-29",310735,33583,10.8,8627,2.8,42210,2021-04-26
"30-34",356322,43232,12.1,10532,3,53764,2021-04-26
"35-39",366699,52043,14.2,11639,3.2,63682,2021-04-26
"40-44",325544,80173,24.6,10875,3.3,91048,2021-04-26
"45-49",291312,80036,27.5,10285,3.5,90321,2021-04-26
"50-54",262948,84142,32,9187,3.5,93329,2021-04-26
"55-59",285387,120201,42.1,9268,3.2,129469,2021-04-26
"60-64",271707,149896,55.2,9905,3.6,159801,2021-04-26
"65-69",217596,160498,73.8,7414,3.4,167912,2021-04-26
"70-74",166506,128708,77.3,19136,11.5,147844,2021-04-26
"75-79",107003,86690,81,68314,63.8,155004,2021-04-26
"80-84",69877,58161,83.2,46870,67.1,105031,2021-04-26
"85-89",44852,37567,83.8,31063,69.3,68630,2021-04-26
"90+",28637,24190,84.5,20829,72.7,45019,2021-04-26
"Unknown",NA,361,0,6,0,367,2021-04-26
"ALL",4470643,1170877,26.2,279045,6.2,1449922,2021-04-26
"00-15",881538,0,0,0,0,0,2021-04-27
"16-19",206988,8597,4.2,702,0.3,9299,2021-04-27
"20-24",276991,23835,8.6,4392,1.6,28227,2021-04-27
"25-29",310735,34521,11.1,8621,2.8,43142,2021-04-27
"30-34",356322,44476,12.5,10534,3,55010,2021-04-27
"35-39",366699,53857,14.7,11657,3.2,65514,2021-04-27
"40-44",325544,85204,26.2,10927,3.4,96131,2021-04-27
"45-49",291312,84751,29.1,10339,3.5,95090,2021-04-27
"50-54",262948,88442,33.6,9220,3.5,97662,2021-04-27
"55-59",285387,122885,43.1,9145,3.2,132030,2021-04-27
"60-64",271707,151663,55.8,9851,3.6,161514,2021-04-27
"65-69",217596,161195,74.1,7489,3.4,168684,2021-04-27
"70-74",166506,129053,77.5,19649,11.8,148702,2021-04-27
"75-79",107003,86802,81.1,69858,65.3,156660,2021-04-27
"80-84",69877,58232,83.3,47859,68.5,106091,2021-04-27
"85-89",44852,37605,83.8,31556,70.4,69161,2021-04-27
"90+",28637,24227,84.6,21033,73.4,45260,2021-04-27
"Unknown",NA,409,0,3,0,412,2021-04-27
"ALL",4470643,1195754,26.7,282835,6.3,1478589,2021-04-27
"00-15",881538,0,0,0,0,0,2021-04-28
"16-19",206988,9123,4.4,706,0.3,9829,2021-04-28
"20-24",276991,24926,9,4427,1.6,29353,2021-04-28
"25-29",310735,35748,11.5,8670,2.8,44418,2021-04-28
"30-34",356322,46057,12.9,10600,3,56657,2021-04-28
"35-39",366699,56080,15.3,11712,3.2,67792,2021-04-28
"40-44",325544,90545,27.8,10992,3.4,101537,2021-04-28
"45-49",291312,89727,30.8,10400,3.6,100127,2021-04-28
"50-54",262948,92558,35.2,9265,3.5,101823,2021-04-28
"55-59",285387,125570,44,9164,3.2,134734,2021-04-28
"60-64",271707,153456,56.5,9937,3.7,163393,2021-04-28
"65-69",217596,161932,74.4,7746,3.6,169678,2021-04-28
"70-74",166506,129472,77.8,20204,12.1,149676,2021-04-28
"75-79",107003,86987,81.3,71241,66.6,158228,2021-04-28
"80-84",69877,58320,83.5,48712,69.7,107032,2021-04-28
"85-89",44852,37658,84,32044,71.4,69702,2021-04-28
"90+",28637,24261,84.7,21232,74.1,45493,2021-04-28
"Unknown",NA,13384,NA,5713,NA,19097,2021-04-28
"ALL",4470643,1235804,27.6,292765,6.5,1528569,2021-04-28
"00-15",881538,0,0,0,0,0,2021-04-29
"16-19",206988,9657,4.7,718,0.3,10375,2021-04-29
"20-24",276991,26136,9.4,4467,1.6,30603,2021-04-29
"25-29",310735,37215,12,8733,2.8,45948,2021-04-29
"30-34",356322,48027,13.5,10686,3,58713,2021-04-29
"35-39",366699,58769,16,11806,3.2,70575,2021-04-29
"40-44",325544,95864,29.4,11094,3.4,106958,2021-04-29
"45-49",291312,94812,32.5,10499,3.6,105311,2021-04-29
"50-54",262948,97159,36.9,9362,3.6,106521,2021-04-29
"55-59",285387,128734,45.1,9297,3.3,138031,2021-04-29
"60-64",271707,155750,57.3,10083,3.7,165833,2021-04-29
"65-69",217596,162886,74.9,8105,3.7,170991,2021-04-29
"70-74",166506,129972,78.1,20737,12.5,150709,2021-04-29
"75-79",107003,87172,81.5,72082,67.4,159254,2021-04-29
"80-84",69877,58440,83.6,49258,70.5,107698,2021-04-29
"85-89",44852,37743,84.2,32344,72.1,70087,2021-04-29
"90+",28637,24297,84.8,21373,74.6,45670,2021-04-29
"Unknown",NA,13790,NA,5646,NA,19436,2021-04-29
"ALL",4470643,1266423,28.3,296290,6.6,1562713,2021-04-29
"00-15",881538,0,0,0,0,0,2021-04-30
"16-19",206988,10237,4.9,729,0.4,10966,2021-04-30
"20-24",276991,27295,9.9,4502,1.6,31797,2021-04-30
"25-29",310735,38618,12.4,8770,2.8,47388,2021-04-30
"30-34",356322,50032,14,10742,3,60774,2021-04-30
"35-39",366699,61527,16.8,11873,3.2,73400,2021-04-30
"40-44",325544,101108,31.1,11181,3.4,112289,2021-04-30
"45-49",291312,99840,34.3,10569,3.6,110409,2021-04-30
"50-54",262948,101803,38.7,9463,3.6,111266,2021-04-30
"55-59",285387,132287,46.4,9400,3.3,141687,2021-04-30
"60-64",271707,158211,58.2,10227,3.8,168438,2021-04-30
"65-69",217596,163804,75.3,8531,3.9,172335,2021-04-30
"70-74",166506,130489,78.4,21294,12.8,151783,2021-04-30
"75-79",107003,87358,81.6,72762,68,160120,2021-04-30
"80-84",69877,58546,83.8,49704,71.1,108250,2021-04-30
"85-89",44852,37808,84.3,32583,72.6,70391,2021-04-30
"90+",28637,24327,84.9,21480,75,45807,2021-04-30
"Unknown",NA,14447,NA,6119,NA,20566,2021-04-30
"ALL",4470643,1297737,29,299929,6.7,1597666,2021-04-30
"00-15",881538,0,0,0,0,0,2021-05-01
"16-19",206988,10744,5.2,732,0.4,11476,2021-05-01
"20-24",276991,28273,10.2,4503,1.6,32776,2021-05-01
"25-29",310735,39916,12.8,8787,2.8,48703,2021-05-01
"30-34",356322,51665,14.5,10750,3,62415,2021-05-01
"35-39",366699,63608,17.3,11880,3.2,75488,2021-05-01
"40-44",325544,103820,31.9,11116,3.4,114936,2021-05-01
"45-49",291312,102632,35.2,10501,3.6,113133,2021-05-01
"50-54",262948,105500,40.1,9394,3.6,114894,2021-05-01
"55-59",285387,135601,47.5,9382,3.3,144983,2021-05-01
"60-64",271707,160484,59.1,10259,3.8,170743,2021-05-01
"65-69",217596,164501,75.6,8773,4,173274,2021-05-01
"70-74",166506,130860,78.6,21528,12.9,152388,2021-05-01
"75-79",107003,87489,81.8,72973,68.2,160462,2021-05-01
"80-84",69877,58630,83.9,49851,71.3,108481,2021-05-01
"85-89",44852,37853,84.4,32673,72.8,70526,2021-05-01
"90+",28637,24343,85,21534,75.2,45877,2021-05-01
"Unknown",NA,14632,NA,6119,NA,20751,2021-05-01
"ALL",4470643,1320551,29.5,300755,6.7,1621306,2021-05-01
"00-15",881538,0,0,0,0,0,2021-05-02
"16-19",206988,11190,5.4,733,0.4,11923,2021-05-02
"20-24",276991,29081,10.5,4501,1.6,33582,2021-05-02
"25-29",310735,40958,13.2,8784,2.8,49742,2021-05-02
"30-34",356322,53198,14.9,10760,3,63958,2021-05-02
"35-39",366699,65529,17.9,11883,3.2,77412,2021-05-02
"40-44",325544,105726,32.5,11090,3.4,116816,2021-05-02
"45-49",291312,104655,35.9,10470,3.6,115125,2021-05-02
"50-54",262948,108376,41.2,9355,3.6,117731,2021-05-02
"55-59",285387,138102,48.4,9294,3.3,147396,2021-05-02
"60-64",271707,162212,59.7,10274,3.8,172486,2021-05-02
"65-69",217596,164954,75.8,8743,4,173697,2021-05-02
"70-74",166506,131086,78.7,21584,13,152670,2021-05-02
"75-79",107003,87577,81.8,73039,68.3,160616,2021-05-02
"80-84",69877,58681,84,49907,71.4,108588,2021-05-02
"85-89",44852,37874,84.4,32706,72.9,70580,2021-05-02
"90+",28637,24349,85,21549,75.2,45898,2021-05-02
"Unknown",NA,15357,NA,6726,NA,22083,2021-05-02
"ALL",4470643,1338905,29.9,301398,6.7,1640303,2021-05-02
"00-15",881538,0,0,0,0,0,2021-05-03
"16-19",206988,11190,5.4,733,0.4,11923,2021-05-03
"20-24",276991,29081,10.5,4501,1.6,33582,2021-05-03
"25-29",310735,40958,13.2,8784,2.8,49742,2021-05-03
"30-34",356322,53198,14.9,10760,3,63958,2021-05-03
"35-39",366699,65529,17.9,11883,3.2,77412,2021-05-03
"40-44",325544,105726,32.5,11090,3.4,116816,2021-05-03
"45-49",291312,104655,35.9,10470,3.6,115125,2021-05-03
"50-54",262948,108376,41.2,9355,3.6,117731,2021-05-03
"55-59",285387,138102,48.4,9294,3.3,147396,2021-05-03
"60-64",271707,162212,59.7,10274,3.8,172486,2021-05-03
"65-69",217596,164954,75.8,8743,4,173697,2021-05-03
"70-74",166506,131086,78.7,21584,13,152670,2021-05-03
"75-79",107003,87577,81.8,73039,68.3,160616,2021-05-03
"80-84",69877,58681,84,49907,71.4,108588,2021-05-03
"85-89",44852,37874,84.4,32706,72.9,70580,2021-05-03
"90+",28637,24349,85,21549,75.2,45898,2021-05-03
"Unknown",NA,15357,NA,6726,NA,22083,2021-05-03
"ALL",4470643,1338905,29.9,301398,6.7,1640303,2021-05-03
"00-15",881538,0,0,0,0,0,2021-05-04
"16-19",206988,12243,5.9,766,0.4,13009,2021-05-04
"20-24",276991,31481,11.4,4583,1.7,36064,2021-05-04
"25-29",310735,43898,14.1,8885,2.9,52783,2021-05-04
"30-34",356322,57331,16.1,10872,3.1,68203,2021-05-04
"35-39",366699,70548,19.2,12005,3.3,82553,2021-05-04
"40-44",325544,110655,34,11215,3.4,121870,2021-05-04
"45-49",291312,109903,37.7,10603,3.6,120506,2021-05-04
"50-54",262948,116513,44.3,9497,3.6,126010,2021-05-04
"55-59",285387,145697,51.1,9510,3.3,155207,2021-05-04
"60-64",271707,167789,61.8,10566,3.9,178355,2021-05-04
"65-69",217596,166500,76.5,9547,4.4,176047,2021-05-04
"70-74",166506,131955,79.2,22255,13.4,154210,2021-05-04
"75-79",107003,87937,82.2,73750,68.9,161687,2021-05-04
"80-84",69877,58884,84.3,50348,72.1,109232,2021-05-04
"85-89",44852,37978,84.7,32973,73.5,70951,2021-05-04
"90+",28637,24410,85.2,21660,75.6,46070,2021-05-04
"Unknown",NA,15442,NA,6476,NA,21918,2021-05-04
"ALL",4470643,1389164,31.1,305511,6.8,1694675,2021-05-04
"00-15",881538,0,0,0,0,0,2021-05-05
"16-19",206988,13269,6.4,781,0.4,14050,2021-05-05
"20-24",276991,33294,12,4636,1.7,37930,2021-05-05
"25-29",310735,46179,14.9,8945,2.9,55124,2021-05-05
"30-34",356322,60392,16.9,10958,3.1,71350,2021-05-05
"35-39",366699,74369,20.3,12126,3.3,86495,2021-05-05
"40-44",325544,113978,35,11322,3.5,125300,2021-05-05
"45-49",291312,113529,39,10713,3.7,124242,2021-05-05
"50-54",262948,122124,46.4,9643,3.7,131767,2021-05-05
"55-59",285387,150706,52.8,9711,3.4,160417,2021-05-05
"60-64",271707,171427,63.1,10865,4,182292,2021-05-05
"65-69",217596,167540,77,10047,4.6,177587,2021-05-05
"70-74",166506,132472,79.6,22762,13.7,155234,2021-05-05
"75-79",107003,88169,82.4,74077,69.2,162246,2021-05-05
"80-84",69877,59024,84.5,50536,72.3,109560,2021-05-05
"85-89",44852,38051,84.8,33086,73.8,71137,2021-05-05
"90+",28637,24454,85.4,21704,75.8,46158,2021-05-05
"Unknown",NA,15578,NA,6115,NA,21693,2021-05-05
"ALL",4470643,1424555,31.9,308027,6.9,1732582,2021-05-05
"00-15",881538,0,0,0,0,0,2021-05-06
"16-19",206988,14488,7,800,0.4,15288,2021-05-06
"20-24",276991,35732,12.9,4684,1.7,40416,2021-05-06
"25-29",310735,49484,15.9,9001,2.9,58485,2021-05-06
"30-34",356322,67027,18.8,11042,3.1,78069,2021-05-06
"35-39",366699,81817,22.3,12260,3.3,94077,2021-05-06
"40-44",325544,119214,36.6,11468,3.5,130682,2021-05-06
"45-49",291312,119130,40.9,10863,3.7,129993,2021-05-06
"50-54",262948,130298,49.6,9833,3.7,140131,2021-05-06
"55-59",285387,157801,55.3,9933,3.5,167734,2021-05-06
"60-64",271707,176491,65,11201,4.1,187692,2021-05-06
"65-69",217596,168877,77.6,10783,5,179660,2021-05-06
"70-74",166506,133271,80,23428,14.1,156699,2021-05-06
"75-79",107003,88495,82.7,74320,69.5,162815,2021-05-06
"80-84",69877,59211,84.7,50691,72.5,109902,2021-05-06
"85-89",44852,38143,85,33180,74,71323,2021-05-06
"90+",28637,24500,85.6,21748,75.9,46248,2021-05-06
"Unknown",NA,16425,NA,6673,NA,23098,2021-05-06
"ALL",4470643,1480404,33.1,311908,7,1792312,2021-05-06
"00-15",881538,0,0,0,0,0,2021-05-07
"16-19",206988,15631,7.6,822,0.4,16453,2021-05-07
"20-24",276991,37960,13.7,4734,1.7,42694,2021-05-07
"25-29",310735,52818,17,9060,2.9,61878,2021-05-07
"30-34",356322,74446,20.9,11127,3.1,85573,2021-05-07
"35-39",366699,89851,24.5,12387,3.4,102238,2021-05-07
"40-44",325544,124525,38.3,11591,3.6,136116,2021-05-07
"45-49",291312,124445,42.7,10991,3.8,135436,2021-05-07
"50-54",262948,137074,52.1,9968,3.8,147042,2021-05-07
"55-59",285387,163594,57.3,10139,3.6,173733,2021-05-07
"60-64",271707,180379,66.4,11486,4.2,191865,2021-05-07
"65-69",217596,169869,78.1,11371,5.2,181240,2021-05-07
"70-74",166506,133812,80.4,23918,14.4,157730,2021-05-07
"75-79",107003,88696,82.9,74497,69.6,163193,2021-05-07
"80-84",69877,59348,84.9,50812,72.7,110160,2021-05-07
"85-89",44852,38205,85.2,33274,74.2,71479,2021-05-07
"90+",28637,24532,85.7,21793,76.1,46325,2021-05-07
"Unknown",NA,16865,NA,6534,NA,23399,2021-05-07
"ALL",4470643,1532050,34.3,314504,7,1846554,2021-05-07
"00-15",881538,0,0,0,0,0,2021-05-08
"16-19",206988,16709,8.1,837,0.4,17546,2021-05-08
"20-24",276991,39888,14.4,4766,1.7,44654,2021-05-08
"25-29",310735,55776,17.9,9108,2.9,64884,2021-05-08
"30-34",356322,80796,22.7,11205,3.1,92001,2021-05-08
"35-39",366699,96714,26.4,12481,3.4,109195,2021-05-08
"40-44",325544,128866,39.6,11681,3.6,140547,2021-05-08
"45-49",291312,128539,44.1,11077,3.8,139616,2021-05-08
"50-54",262948,141636,53.9,10083,3.8,151719,2021-05-08
"55-59",285387,167467,58.7,10313,3.6,177780,2021-05-08
"60-64",271707,183038,67.4,11672,4.3,194710,2021-05-08
"65-69",217596,170551,78.4,11758,5.4,182309,2021-05-08
"70-74",166506,134142,80.6,24268,14.6,158410,2021-05-08
"75-79",107003,88821,83,74579,69.7,163400,2021-05-08
"80-84",69877,59425,85,50871,72.8,110296,2021-05-08
"85-89",44852,38246,85.3,33309,74.3,71555,2021-05-08
"90+",28637,24543,85.7,21812,76.2,46355,2021-05-08
"Unknown",NA,17525,NA,6537,NA,24062,2021-05-08
"ALL",4470643,1572682,35.2,316357,7.1,1889039,2021-05-08
"00-15",881538,0,0,0,0,0,2021-05-09
"16-19",206988,17438,8.4,845,0.4,18283,2021-05-09
"20-24",276991,41140,14.9,4785,1.7,45925,2021-05-09
"25-29",310735,57609,18.5,9141,2.9,66750,2021-05-09
"30-34",356322,85143,23.9,11252,3.2,96395,2021-05-09
"35-39",366699,101102,27.6,12529,3.4,113631,2021-05-09
"40-44",325544,131367,40.4,11741,3.6,143108,2021-05-09
"45-49",291312,130828,44.9,11154,3.8,141982,2021-05-09
"50-54",262948,144104,54.8,10142,3.9,154246,2021-05-09
"55-59",285387,169540,59.4,10402,3.6,179942,2021-05-09
"60-64",271707,184369,67.9,11795,4.3,196164,2021-05-09
"65-69",217596,170895,78.5,11996,5.5,182891,2021-05-09
"70-74",166506,134333,80.7,24475,14.7,158808,2021-05-09
"75-79",107003,88900,83.1,74620,69.7,163520,2021-05-09
"80-84",69877,59456,85.1,50913,72.9,110369,2021-05-09
"85-89",44852,38261,85.3,33319,74.3,71580,2021-05-09
"90+",28637,24551,85.7,21819,76.2,46370,2021-05-09
"Unknown",NA,19080,NA,7913,NA,26993,2021-05-09
"ALL",4470643,1598116,35.7,318841,7.1,1916957,2021-05-09
"00-15",881538,0,0,0,0,0,2021-05-10
"16-19",206988,18694,9,865,0.4,19559,2021-05-10
"20-24",276991,43427,15.7,4813,1.7,48240,2021-05-10
"25-29",310735,60459,19.5,9166,2.9,69625,2021-05-10
"30-34",356322,90440,25.4,11301,3.2,101741,2021-05-10
"35-39",366699,106301,29,12593,3.4,118894,2021-05-10
"40-44",325544,133905,41.1,11806,3.6,145711,2021-05-10
"45-49",291312,133177,45.7,11208,3.8,144385,2021-05-10
"50-54",262948,146422,55.7,10220,3.9,156642,2021-05-10
"55-59",285387,171589,60.1,10487,3.7,182076,2021-05-10
"60-64",271707,185963,68.4,11901,4.4,197864,2021-05-10
"65-69",217596,171305,78.7,12173,5.6,183478,2021-05-10
"70-74",166506,134552,80.8,24649,14.8,159201,2021-05-10
"75-79",107003,88996,83.2,74664,69.8,163660,2021-05-10
"80-84",69877,59504,85.2,50947,72.9,110451,2021-05-10
"85-89",44852,38292,85.4,33337,74.3,71629,2021-05-10
"90+",28637,24559,85.8,21831,76.2,46390,2021-05-10
"Unknown",NA,19640,NA,7818,NA,27458,2021-05-10
"ALL",4470643,1627225,36.4,319779,7.2,1947004,2021-05-10
NA,663783,0,0,0,0,0,2021-05-11
NA,166087,4060,2.4,0,0,4060,2021-05-11
NA,258656,22068,8.5,902,0.3,22970,2021-05-11
"20-24",276991,45896,16.6,4879,1.8,50775,2021-05-11
"25-29",310735,63632,20.5,9225,3,72857,2021-05-11
"30-34",356322,95433,26.8,11393,3.2,106826,2021-05-11
"35-39",366699,110976,30.3,12699,3.5,123675,2021-05-11
"40-44",325544,136161,41.8,11914,3.7,148075,2021-05-11
"45-49",291312,135251,46.4,11308,3.9,146559,2021-05-11
"50-54",262948,148278,56.4,10336,3.9,158614,2021-05-11
"55-59",285387,173420,60.8,10637,3.7,184057,2021-05-11
"60-64",271707,187188,68.9,12043,4.4,199231,2021-05-11
"65-69",217596,171645,78.9,12426,5.7,184071,2021-05-11
"70-74",166506,134747,80.9,24820,14.9,159567,2021-05-11
"75-79",107003,89083,83.3,74701,69.8,163784,2021-05-11
"80-84",69877,59546,85.2,50969,72.9,110515,2021-05-11
"85-89",44852,38319,85.4,33351,74.4,71670,2021-05-11
"90+",28637,24571,85.8,21842,76.3,46413,2021-05-11
"Unknown",NA,14316,NA,7306,NA,21622,2021-05-11
"ALL",4470643,1654590,37,320751,7.2,1975341,2021-05-11
NA,663783,0,0,0,0,0,2021-05-12
NA,166087,6315,3.8,0,0,6315,2021-05-12
NA,258656,26337,10.2,914,0.4,27251,2021-05-12
"20-24",276991,50581,18.3,4914,1.8,55495,2021-05-12
"25-29",310735,68740,22.1,9255,3,77995,2021-05-12
"30-34",356322,101198,28.4,11410,3.2,112608,2021-05-12
"35-39",366699,116867,31.9,12724,3.5,129591,2021-05-12
"40-44",325544,139528,42.9,11932,3.7,151460,2021-05-12
"45-49",291312,138247,47.5,11360,3.9,149607,2021-05-12
"50-54",262948,151070,57.5,10370,3.9,161440,2021-05-12
"55-59",285387,175845,61.6,10705,3.7,186550,2021-05-12
"60-64",271707,188895,69.5,12129,4.5,201024,2021-05-12
"65-69",217596,172181,79.1,12699,5.8,184880,2021-05-12
"70-74",166506,135067,81.1,25043,15,160110,2021-05-12
"75-79",107003,89208,83.4,74735,69.8,163943,2021-05-12
"80-84",69877,59622,85.3,51015,73,110637,2021-05-12
"85-89",44852,38369,85.5,33382,74.4,71751,2021-05-12
"90+",28637,24587,85.9,21851,76.3,46438,2021-05-12
"Unknown",NA,14810,NA,7809,NA,22619,2021-05-12
"ALL",4470643,1697467,38,322247,7.2,2019714,2021-05-12
NA,663783,0,0,0,0,0,2021-05-13
NA,166087,10525,6.3,0,0,10525,2021-05-13
NA,258656,33676,13,945,0.4,34621,2021-05-13
"20-24",276991,57269,20.7,4974,1.8,62243,2021-05-13
"25-29",310735,75914,24.4,9334,3,85248,2021-05-13
"30-34",356322,109466,30.7,11505,3.2,120971,2021-05-13
"35-39",366699,125392,34.2,12858,3.5,138250,2021-05-13
"40-44",325544,144669,44.4,12057,3.7,156726,2021-05-13
"45-49",291312,142947,49.1,11485,3.9,154432,2021-05-13
"50-54",262948,154618,58.8,10532,4,165150,2021-05-13
"55-59",285387,179105,62.8,10913,3.8,190018,2021-05-13
"60-64",271707,191212,70.4,12361,4.5,203573,2021-05-13
"65-69",217596,172834,79.4,13143,6,185977,2021-05-13
"70-74",166506,135496,81.4,25391,15.2,160887,2021-05-13
"75-79",107003,89413,83.6,74803,69.9,164216,2021-05-13
"80-84",69877,59722,85.5,51054,73.1,110776,2021-05-13
"85-89",44852,38420,85.7,33418,74.5,71838,2021-05-13
"90+",28637,24614,86,21869,76.4,46483,2021-05-13
"Unknown",NA,15888,NA,8767,NA,24655,2021-05-13
"ALL",4470643,1761180,39.4,325409,7.3,2086589,2021-05-13
NA,663783,0,0,0,0,0,2021-05-14
NA,166087,14356,8.6,0,0,14356,2021-05-14
NA,258656,40168,15.5,977,0.4,41145,2021-05-14
"20-24",276991,62806,22.7,5030,1.8,67836,2021-05-14
"25-29",310735,81929,26.4,9418,3,91347,2021-05-14
"30-34",356322,117434,33,11637,3.3,129071,2021-05-14
"35-39",366699,133368,36.4,13012,3.5,146380,2021-05-14
"40-44",325544,149381,45.9,12178,3.7,161559,2021-05-14
"45-49",291312,147234,50.5,11622,4,158856,2021-05-14
"50-54",262948,157786,60,10682,4.1,168468,2021-05-14
"55-59",285387,181784,63.7,11071,3.9,192855,2021-05-14
"60-64",271707,193026,71,12558,4.6,205584,2021-05-14
"65-69",217596,173435,79.7,13470,6.2,186905,2021-05-14
"70-74",166506,135792,81.6,25690,15.4,161482,2021-05-14
"75-79",107003,89557,83.7,74860,70,164417,2021-05-14
"80-84",69877,59797,85.6,51088,73.1,110885,2021-05-14
"85-89",44852,38464,85.8,33439,74.5,71903,2021-05-14
"90+",28637,24633,86,21894,76.4,46527,2021-05-14
"Unknown",NA,16267,NA,8437,NA,24704,2021-05-14
"ALL",4470643,1817217,40.6,327063,7.3,2144280,2021-05-14
NA,663783,0,0,0,0,0,2021-05-15
NA,166087,17768,10.7,0,0,17768,2021-05-15
NA,258656,45788,17.7,991,0.4,46779,2021-05-15
"20-24",276991,67594,24.4,5061,1.8,72655,2021-05-15
"25-29",310735,86765,27.9,9465,3,96230,2021-05-15
"30-34",356322,123084,34.5,11714,3.3,134798,2021-05-15
"35-39",366699,139294,38,13100,3.6,152394,2021-05-15
"40-44",325544,153163,47,12254,3.8,165417,2021-05-15
"45-49",291312,150553,51.7,11703,4,162256,2021-05-15
"50-54",262948,160332,61,10773,4.1,171105,2021-05-15
"55-59",285387,183777,64.4,11198,3.9,194975,2021-05-15
"60-64",271707,194380,71.5,12709,4.7,207089,2021-05-15
"65-69",217596,173813,79.9,13767,6.3,187580,2021-05-15
"70-74",166506,135974,81.7,25892,15.5,161866,2021-05-15
"75-79",107003,89627,83.8,74896,70,164523,2021-05-15
"80-84",69877,59855,85.7,51105,73.1,110960,2021-05-15
"85-89",44852,38485,85.8,33452,74.6,71937,2021-05-15
"90+",28637,24641,86,21897,76.5,46538,2021-05-15
"Unknown",NA,16692,NA,8437,NA,25129,2021-05-15
"ALL",4470643,1861585,41.6,328414,7.3,2189999,2021-05-15
NA,663783,0,0,0,0,0,2021-05-16
NA,166087,19815,11.9,0,0,19815,2021-05-16
NA,258656,49266,19,1002,0.4,50268,2021-05-16
"20-24",276991,70562,25.5,5094,1.8,75656,2021-05-16
"25-29",310735,89715,28.9,9520,3.1,99235,2021-05-16
"30-34",356322,126424,35.5,11773,3.3,138197,2021-05-16
"35-39",366699,142676,38.9,13172,3.6,155848,2021-05-16
"40-44",325544,155266,47.7,12306,3.8,167572,2021-05-16
"45-49",291312,152382,52.3,11774,4,164156,2021-05-16
"50-54",262948,161735,61.5,10851,4.1,172586,2021-05-16
"55-59",285387,184835,64.8,11291,4,196126,2021-05-16
"60-64",271707,195117,71.8,12799,4.7,207916,2021-05-16
"65-69",217596,174013,80,13901,6.4,187914,2021-05-16
"70-74",166506,136066,81.7,26012,15.6,162078,2021-05-16
"75-79",107003,89672,83.8,74911,70,164583,2021-05-16
"80-84",69877,59870,85.7,51112,73.1,110982,2021-05-16
"85-89",44852,38495,85.8,33467,74.6,71962,2021-05-16
"90+",28637,24646,86.1,21903,76.5,46549,2021-05-16
"Unknown",NA,17278,NA,8725,NA,26003,2021-05-16
"ALL",4470643,1887833,42.2,329613,7.4,2217446,2021-05-16
NA,663783,0,0,0,0,0,2021-05-17
NA,166087,19815,11.9,0,0,19815,2021-05-17
NA,258656,49266,19,1002,0.4,50268,2021-05-17
"20-24",276991,70562,25.5,5094,1.8,75656,2021-05-17
"25-29",310735,89715,28.9,9520,3.1,99235,2021-05-17
"30-34",356322,126424,35.5,11773,3.3,138197,2021-05-17
"35-39",366699,142676,38.9,13172,3.6,155848,2021-05-17
"40-44",325544,155266,47.7,12306,3.8,167572,2021-05-17
"45-49",291312,152382,52.3,11774,4,164156,2021-05-17
"50-54",262948,161735,61.5,10851,4.1,172586,2021-05-17
"55-59",285387,184835,64.8,11291,4,196126,2021-05-17
"60-64",271707,195117,71.8,12799,4.7,207916,2021-05-17
"65-69",217596,174013,80,13901,6.4,187914,2021-05-17
"70-74",166506,136066,81.7,26012,15.6,162078,2021-05-17
"75-79",107003,89672,83.8,74911,70,164583,2021-05-17
"80-84",69877,59870,85.7,51112,73.1,110982,2021-05-17
"85-89",44852,38495,85.8,33467,74.6,71962,2021-05-17
"90+",28637,24646,86.1,21903,76.5,46549,2021-05-17
"Unknown",NA,17278,NA,8725,NA,26003,2021-05-17
"ALL",4470643,1887833,42.2,329613,7.4,2217446,2021-05-17
NA,663783,0,0,0,0,0,2021-05-18
NA,166087,23639,14.2,0,0,23639,2021-05-18
NA,258656,55843,21.6,1040,0.4,56883,2021-05-18
"20-24",276991,76689,27.7,5191,1.9,81880,2021-05-18
"25-29",310735,96004,30.9,9662,3.1,105666,2021-05-18
"30-34",356322,133290,37.4,11962,3.4,145252,2021-05-18
"35-39",366699,149513,40.8,13359,3.6,162872,2021-05-18
"40-44",325544,159189,48.9,12500,3.8,171689,2021-05-18
"45-49",291312,155878,53.5,11968,4.1,167846,2021-05-18
"50-54",262948,164448,62.5,11043,4.2,175491,2021-05-18
"55-59",285387,187175,65.6,11551,4,198726,2021-05-18
"60-64",271707,196649,72.4,13057,4.8,209706,2021-05-18
"65-69",217596,174519,80.2,14398,6.6,188917,2021-05-18
"70-74",166506,136316,81.9,26505,15.9,162821,2021-05-18
"75-79",107003,89771,83.9,75021,70.1,164792,2021-05-18
"80-84",69877,59933,85.8,51169,73.2,111102,2021-05-18
"85-89",44852,38543,85.9,33514,74.7,72057,2021-05-18
"90+",28637,24667,86.1,21924,76.5,46591,2021-05-18
"Unknown",NA,17613,NA,8412,NA,26025,2021-05-18
"ALL",4470643,1939679,43.4,332276,7.4,2271955,2021-05-18
NA,663783,0,0,0,0,0,2021-05-19
NA,166087,27606,16.6,2,0,27608,2021-05-19
NA,258656,61830,23.9,1089,0.4,62919,2021-05-19
"20-24",276991,80662,29.1,5266,1.9,85928,2021-05-19
"25-29",310735,100047,32.2,9759,3.1,109806,2021-05-19
"30-34",356322,137677,38.6,12120,3.4,149797,2021-05-19
"35-39",366699,153949,42,13581,3.7,167530,2021-05-19
"40-44",325544,161833,49.7,12693,3.9,174526,2021-05-19
"45-49",291312,158153,54.3,12150,4.2,170303,2021-05-19
"50-54",262948,166162,63.2,11259,4.3,177421,2021-05-19
"55-59",285387,188573,66.1,11811,4.1,200384,2021-05-19
"60-64",271707,197543,72.7,13340,4.9,210883,2021-05-19
"65-69",217596,174838,80.3,14973,6.9,189811,2021-05-19
"70-74",166506,136496,82,26936,16.2,163432,2021-05-19
"75-79",107003,89839,84,75077,70.2,164916,2021-05-19
"80-84",69877,59988,85.8,51206,73.3,111194,2021-05-19
"85-89",44852,38568,86,33541,74.8,72109,2021-05-19
"90+",28637,24684,86.2,21932,76.6,46616,2021-05-19
"Unknown",NA,18891,NA,8747,NA,27638,2021-05-19
"ALL",4470643,1977339,44.2,335482,7.5,2312821,2021-05-19
NA,663783,0,0,0,0,0,2021-05-20
NA,166087,34781,20.9,4,0,34785,2021-05-20
NA,258656,73492,28.4,1172,0.5,74664,2021-05-20
"20-24",276991,90297,32.6,5420,2,95717,2021-05-20
"25-29",310735,109286,35.2,9975,3.2,119261,2021-05-20
"30-34",356322,147770,41.5,12388,3.5,160158,2021-05-20
"35-39",366699,164354,44.8,13946,3.8,178300,2021-05-20
"40-44",325544,168703,51.8,13086,4,181789,2021-05-20
"45-49",291312,164037,56.3,12533,4.3,176570,2021-05-20
"50-54",262948,170157,64.7,11725,4.5,181882,2021-05-20
"55-59",285387,191867,67.2,12382,4.3,204249,2021-05-20
"60-64",271707,199845,73.6,13967,5.1,213812,2021-05-20
"65-69",217596,175699,80.7,16331,7.5,192030,2021-05-20
"70-74",166506,137001,82.3,28051,16.8,165052,2021-05-20
"75-79",107003,90047,84.2,75231,70.3,165278,2021-05-20
"80-84",69877,60125,86,51293,73.4,111418,2021-05-20
"85-89",44852,38632,86.1,33591,74.9,72223,2021-05-20
"90+",28637,24713,86.3,21956,76.7,46669,2021-05-20
"Unknown",NA,19516,NA,8559,NA,28075,2021-05-20
NA,3806860,2040806,53.6,333051,9,2373857,2021-05-20
"ALL",4470643,2060322,46.1,341610,7.6,2401932,2021-05-20
NA,663783,0,0,0,0,0,2021-05-21
NA,166087,40170,24.2,7,0,40177,2021-05-21
NA,258656,81274,31.4,1232,0.5,82506,2021-05-21
"20-24",276991,95953,34.6,5542,2,101495,2021-05-21
"25-29",310735,114769,36.9,10136,3.3,124905,2021-05-21
"30-34",356322,153757,43.2,12638,3.5,166395,2021-05-21
"35-39",366699,170672,46.5,14245,3.9,184917,2021-05-21
"40-44",325544,173210,53.2,13341,4.1,186551,2021-05-21
"45-49",291312,167906,57.6,12831,4.4,180737,2021-05-21
"50-54",262948,172641,65.7,12048,4.6,184689,2021-05-21
"55-59",285387,193993,68,12719,4.5,206712,2021-05-21
"60-64",271707,201268,74.1,14413,5.3,215681,2021-05-21
"65-69",217596,176216,81,17344,8,193560,2021-05-21
"70-74",166506,137313,82.5,28845,17.3,166158,2021-05-21
"75-79",107003,90173,84.3,75365,70.4,165538,2021-05-21
"80-84",69877,60188,86.1,51361,73.5,111549,2021-05-21
"85-89",44852,38680,86.2,33635,75,72315,2021-05-21
"90+",28637,24728,86.3,21986,76.8,46714,2021-05-21
"Unknown",NA,20938,NA,9320,NA,30258,2021-05-21
NA,3806860,2113849,55.5,347008,9.1,2460857,2021-05-21
"ALL",4470643,2113849,47.3,347008,7.8,2460857,2021-05-21
NA,663783,0,0,0,0,0,2021-05-22
NA,166087,44615,26.9,9,0,44624,2021-05-22
NA,258656,87654,33.9,1277,0.5,88931,2021-05-22
"20-24",276991,100290,36.2,5670,2,105960,2021-05-22
"25-29",310735,118911,38.3,10283,3.3,129194,2021-05-22
"30-34",356322,158447,44.5,12883,3.6,171330,2021-05-22
"35-39",366699,175633,47.9,14554,4,190187,2021-05-22
"40-44",325544,176829,54.3,13660,4.2,190489,2021-05-22
"45-49",291312,170962,58.7,13129,4.5,184091,2021-05-22
"50-54",262948,174638,66.4,12381,4.7,187019,2021-05-22
"55-59",285387,195537,68.5,13103,4.6,208640,2021-05-22
"60-64",271707,202291,74.5,14883,5.5,217174,2021-05-22
"65-69",217596,176575,81.1,18278,8.4,194853,2021-05-22
"70-74",166506,137479,82.6,29621,17.8,167100,2021-05-22
"75-79",107003,90259,84.4,75426,70.5,165685,2021-05-22
"80-84",69877,60231,86.2,51403,73.6,111634,2021-05-22
"85-89",44852,38699,86.3,33665,75.1,72364,2021-05-22
"90+",28637,24745,86.4,21996,76.8,46741,2021-05-22
"Unknown",NA,21583,NA,9320,NA,30903,2021-05-22
NA,3806860,2155378,56.6,351541,9.2,2506919,2021-05-22
"ALL",4470643,2155378,48.2,351541,7.9,2506919,2021-05-22
NA,663783,0,0,0,0,0,2021-05-23
NA,166087,46964,28.3,12,0,46976,2021-05-23
NA,258656,91350,35.3,1308,0.5,92658,2021-05-23
"20-24",276991,103070,37.2,5746,2.1,108816,2021-05-23
"25-29",310735,121550,39.1,10360,3.3,131910,2021-05-23
"30-34",356322,161141,45.2,13021,3.7,174162,2021-05-23
"35-39",366699,178355,48.6,14687,4,193042,2021-05-23
"40-44",325544,178866,54.9,13806,4.2,192672,2021-05-23
"45-49",291312,172505,59.2,13275,4.6,185780,2021-05-23
"50-54",262948,175648,66.8,12521,4.8,188169,2021-05-23
"55-59",285387,196285,68.8,13249,4.6,209534,2021-05-23
"60-64",271707,202817,74.6,15087,5.6,217904,2021-05-23
"65-69",217596,176750,81.2,18546,8.5,195296,2021-05-23
"70-74",166506,137575,82.6,29819,17.9,167394,2021-05-23
"75-79",107003,90304,84.4,75447,70.5,165751,2021-05-23
"80-84",69877,60248,86.2,51415,73.6,111663,2021-05-23
"85-89",44852,38706,86.3,33672,75.1,72378,2021-05-23
"90+",28637,24749,86.4,22001,76.8,46750,2021-05-23
"Unknown",NA,21968,NA,9320,NA,31288,2021-05-23
NA,3806860,2178851,57.2,353292,9.3,2532143,2021-05-23
"ALL",4470643,2178851,48.7,353292,7.9,2532143,2021-05-23
NA,663783,0,0,0,0,0,2021-05-24
NA,166087,48891,29.4,13,0,48904,2021-05-24
NA,258656,94259,36.4,1316,0.5,95575,2021-05-24
"20-24",276991,105439,38.1,5772,2.1,111211,2021-05-24
"25-29",310735,123809,39.8,10421,3.4,134230,2021-05-24
"30-34",356322,163541,45.9,13096,3.7,176637,2021-05-24
"35-39",366699,180681,49.3,14755,4,195436,2021-05-24
"40-44",325544,180312,55.4,13884,4.3,194196,2021-05-24
"45-49",291312,173668,59.6,13370,4.6,187038,2021-05-24
"50-54",262948,176346,67.1,12624,4.8,188970,2021-05-24
"55-59",285387,196859,69,13362,4.7,210221,2021-05-24
"60-64",271707,203173,74.8,15241,5.6,218414,2021-05-24
"65-69",217596,176883,81.3,18744,8.6,195627,2021-05-24
"70-74",166506,137636,82.7,29959,18,167595,2021-05-24
"75-79",107003,90334,84.4,75463,70.5,165797,2021-05-24
"80-84",69877,60261,86.2,51438,73.6,111699,2021-05-24
"85-89",44852,38715,86.3,33679,75.1,72394,2021-05-24
"90+",28637,24755,86.4,22005,76.8,46760,2021-05-24
"Unknown",NA,22293,NA,9320,NA,31613,2021-05-24
NA,3806860,2197855,57.7,354462,9.3,2552317,2021-05-24
"ALL",4470643,2197855,49.2,354462,7.9,2552317,2021-05-24
NA,663783,0,0,0,0,0,2021-05-25
NA,166087,50757,30.6,15,0,50772,2021-05-25
NA,258656,97421,37.7,1366,0.5,98787,2021-05-25
"20-24",276991,108304,39.1,5894,2.1,114198,2021-05-25
"25-29",310735,126565,40.7,10578,3.4,137143,2021-05-25
"30-34",356322,166249,46.7,13318,3.7,179567,2021-05-25
"35-39",366699,183504,50,15065,4.1,198569,2021-05-25
"40-44",325544,182234,56,14154,4.3,196388,2021-05-25
"45-49",291312,175357,60.2,13639,4.7,188996,2021-05-25
"50-54",262948,177426,67.5,12885,4.9,190311,2021-05-25
"55-59",285387,197790,69.3,13676,4.8,211466,2021-05-25
"60-64",271707,203832,75,15609,5.7,219441,2021-05-25
"65-69",217596,177128,81.4,19378,8.9,196506,2021-05-25
"70-74",166506,137763,82.7,30546,18.3,168309,2021-05-25
"75-79",107003,90402,84.5,75536,70.6,165938,2021-05-25
"80-84",69877,60311,86.3,51492,73.7,111803,2021-05-25
"85-89",44852,38741,86.4,33717,75.2,72458,2021-05-25
"90+",28637,24767,86.5,22024,76.9,46791,2021-05-25
"Unknown",NA,22063,NA,9071,NA,31134,2021-05-25
NA,3806860,2220614,58.3,357963,9.4,2578577,2021-05-25
"ALL",4470643,2220614,49.7,357963,8,2578577,2021-05-25
NA,663783,0,0,0,0,0,2021-05-26
NA,166087,53641,32.3,22,0,53663,2021-05-26
NA,258656,101773,39.3,1432,0.6,103205,2021-05-26
"20-24",276991,112230,40.5,6051,2.2,118281,2021-05-26
"25-29",310735,130206,41.9,10769,3.5,140975,2021-05-26
"30-34",356322,169738,47.6,13632,3.8,183370,2021-05-26
"35-39",366699,187216,51.1,15433,4.2,202649,2021-05-26
"40-44",325544,184754,56.8,14503,4.5,199257,2021-05-26
"45-49",291312,177350,60.9,14017,4.8,191367,2021-05-26
"50-54",262948,178839,68,13368,5.1,192207,2021-05-26
"55-59",285387,199052,69.7,14204,5,213256,2021-05-26
"60-64",271707,204699,75.3,16333,6,221032,2021-05-26
"65-69",217596,177526,81.6,20538,9.4,198064,2021-05-26
"70-74",166506,137987,82.9,31592,19,169579,2021-05-26
"75-79",107003,90484,84.6,75659,70.7,166143,2021-05-26
"80-84",69877,60361,86.4,51569,73.8,111930,2021-05-26
"85-89",44852,38771,86.4,33782,75.3,72553,2021-05-26
"90+",28637,24779,86.5,22055,77,46834,2021-05-26
"Unknown",NA,22415,NA,8967,NA,31382,2021-05-26
NA,3806860,2251821,59.2,363926,9.6,2615747,2021-05-26
"ALL",4470643,2251821,50.4,363926,8.1,2615747,2021-05-26
NA,663783,0,0,0,0,0,2021-05-27
NA,166087,57848,34.8,32,0,57880,2021-05-27
NA,258656,108073,41.8,1538,0.6,109611,2021-05-27
"20-24",276991,117326,42.4,6264,2.3,123590,2021-05-27
"25-29",310735,135104,43.5,11057,3.6,146161,2021-05-27
"30-34",356322,174860,49.1,14067,3.9,188927,2021-05-27
"35-39",366699,192482,52.5,15929,4.3,208411,2021-05-27
"40-44",325544,188540,57.9,15017,4.6,203557,2021-05-27
"45-49",291312,180429,61.9,14500,5,194929,2021-05-27
"50-54",262948,181015,68.8,13950,5.3,194965,2021-05-27
"55-59",285387,200790,70.4,14896,5.2,215686,2021-05-27
"60-64",271707,205992,75.8,17218,6.3,223210,2021-05-27
"65-69",217596,178040,81.8,22336,10.3,200376,2021-05-27
"70-74",166506,138331,83.1,33066,19.9,171397,2021-05-27
"75-79",107003,90616,84.7,75833,70.9,166449,2021-05-27
"80-84",69877,60438,86.5,51679,74,112117,2021-05-27
"85-89",44852,38811,86.5,33846,75.5,72657,2021-05-27
"90+",28637,24799,86.6,22096,77.1,46895,2021-05-27
"Unknown",NA,22922,NA,8827,NA,31749,2021-05-27
NA,3806860,2296416,60.3,372151,9.8,2668567,2021-05-27
"ALL",4470643,2296416,51.4,372151,8.3,2668567,2021-05-27
NA,663783,0,0,0,0,0,2021-05-28
NA,166087,62252,37.5,53,0,62305,2021-05-28
NA,258656,114098,44.1,1678,0.6,115776,2021-05-28
"20-24",276991,122457,44.2,6520,2.4,128977,2021-05-28
"25-29",310735,140199,45.1,11410,3.7,151609,2021-05-28
"30-34",356322,179436,50.4,14613,4.1,194049,2021-05-28
"35-39",366699,197383,53.8,16515,4.5,213898,2021-05-28
"40-44",325544,192242,59.1,15619,4.8,207861,2021-05-28
"45-49",291312,183422,63,15092,5.2,198514,2021-05-28
"50-54",262948,183060,69.6,14593,5.5,197653,2021-05-28
"55-59",285387,202482,70.9,15643,5.5,218125,2021-05-28
"60-64",271707,207146,76.2,18116,6.7,225262,2021-05-28
"65-69",217596,178528,82,24120,11.1,202648,2021-05-28
"70-74",166506,138620,83.3,34590,20.8,173210,2021-05-28
"75-79",107003,90728,84.8,76002,71,166730,2021-05-28
"80-84",69877,60507,86.6,51799,74.1,112306,2021-05-28
"85-89",44852,38847,86.6,33927,75.6,72774,2021-05-28
"90+",28637,24819,86.7,22162,77.4,46981,2021-05-28
"Unknown",NA,23446,NA,8563,NA,32009,2021-05-28
NA,3806860,2339672,61.5,381015,10,2720687,2021-05-28
"ALL",4470643,2339672,52.3,381015,8.5,2720687,2021-05-28
NA,663783,0,0,0,0,0,2021-05-29
NA,166087,66084,39.8,65,0,66149,2021-05-29
NA,258656,119276,46.1,1778,0.7,121054,2021-05-29
"20-24",276991,126310,45.6,6743,2.4,133053,2021-05-29
"25-29",310735,143805,46.3,11720,3.8,155525,2021-05-29
"30-34",356322,182493,51.2,15044,4.2,197537,2021-05-29
"35-39",366699,200437,54.7,17000,4.6,217437,2021-05-29
"40-44",325544,194773,59.8,16110,4.9,210883,2021-05-29
"45-49",291312,185564,63.7,15575,5.3,201139,2021-05-29
"50-54",262948,184454,70.1,15125,5.8,199579,2021-05-29
"55-59",285387,203632,71.4,16287,5.7,219919,2021-05-29
"60-64",271707,207929,76.5,18816,6.9,226745,2021-05-29
"65-69",217596,178870,82.2,25509,11.7,204379,2021-05-29
"70-74",166506,138794,83.4,35736,21.5,174530,2021-05-29
"75-79",107003,90807,84.9,76107,71.1,166914,2021-05-29
"80-84",69877,60549,86.7,51863,74.2,112412,2021-05-29
"85-89",44852,38869,86.7,33975,75.7,72844,2021-05-29
"90+",28637,24829,86.7,22183,77.5,47012,2021-05-29
"Unknown",NA,24054,NA,8564,NA,32618,2021-05-29
NA,3806860,2371529,62.3,388200,10.2,2759729,2021-05-29
"ALL",4470643,2371529,53,388200,8.7,2759729,2021-05-29
NA,663783,0,0,0,0,0,2021-05-30
NA,166087,68465,41.2,79,0,68544,2021-05-30
NA,258656,122748,47.5,1849,0.7,124597,2021-05-30
"20-24",276991,129048,46.6,6842,2.5,135890,2021-05-30
"25-29",310735,146272,47.1,11856,3.8,158128,2021-05-30
"30-34",356322,184126,51.7,15251,4.3,199377,2021-05-30
"35-39",366699,202098,55.1,17227,4.7,219325,2021-05-30
"40-44",325544,196076,60.2,16351,5,212427,2021-05-30
"45-49",291312,186563,64,15782,5.4,202345,2021-05-30
"50-54",262948,185081,70.4,15344,5.8,200425,2021-05-30
"55-59",285387,204124,71.5,16545,5.8,220669,2021-05-30
"60-64",271707,208260,76.6,19111,7,227371,2021-05-30
"65-69",217596,179009,82.3,26024,12,205033,2021-05-30
"70-74",166506,138872,83.4,36174,21.7,175046,2021-05-30
"75-79",107003,90836,84.9,76140,71.2,166976,2021-05-30
"80-84",69877,60567,86.7,51889,74.3,112456,2021-05-30
"85-89",44852,38877,86.7,33986,75.8,72863,2021-05-30
"90+",28637,24832,86.7,22189,77.5,47021,2021-05-30
"Unknown",NA,24401,NA,8536,NA,32937,2021-05-30
NA,3806860,2390255,62.8,391175,10.3,2781430,2021-05-30
"ALL",4470643,2390255,53.5,391175,8.7,2781430,2021-05-30
NA,663783,0,0,0,0,0,2021-05-31
NA,166087,70919,42.7,82,0,71001,2021-05-31
NA,258656,126632,49,1926,0.7,128558,2021-05-31
"20-24",276991,132655,47.9,7036,2.5,139691,2021-05-31
"25-29",310735,149657,48.2,12122,3.9,161779,2021-05-31
"30-34",356322,186313,52.3,15655,4.4,201968,2021-05-31
"35-39",366699,204202,55.7,17687,4.8,221889,2021-05-31
"40-44",325544,197675,60.7,16715,5.1,214390,2021-05-31
"45-49",291312,187952,64.5,16213,5.6,204165,2021-05-31
"50-54",262948,186027,70.7,15824,6,201851,2021-05-31
"55-59",285387,204927,71.8,17078,6,222005,2021-05-31
"60-64",271707,208798,76.8,19778,7.3,228576,2021-05-31
"65-69",217596,179306,82.4,27330,12.6,206636,2021-05-31
"70-74",166506,139059,83.5,37190,22.3,176249,2021-05-31
"75-79",107003,90919,85,76291,71.3,167210,2021-05-31
"80-84",69877,60614,86.7,51986,74.4,112600,2021-05-31
"85-89",44852,38890,86.7,34042,75.9,72932,2021-05-31
"90+",28637,24845,86.8,22219,77.6,47064,2021-05-31
"Unknown",NA,24569,NA,8035,NA,32604,2021-05-31
NA,3806860,2413959,63.4,397209,10.4,2811168,2021-05-31
"ALL",4470643,2413959,54,397209,8.9,2811168,2021-05-31
NA,663783,0,0,0,0,0,2021-06-01
NA,166087,72954,43.9,98,0.1,73052,2021-06-01
NA,258656,129681,50.1,2023,0.8,131704,2021-06-01
"20-24",276991,135900,49.1,7241,2.6,143141,2021-06-01
"25-29",310735,152371,49,12367,4,164738,2021-06-01
"30-34",356322,188205,52.8,16023,4.5,204228,2021-06-01
"35-39",366699,206109,56.2,18159,5,224268,2021-06-01
"40-44",325544,199106,61.2,17170,5.3,216276,2021-06-01
"45-49",291312,189207,64.9,16640,5.7,205847,2021-06-01
"50-54",262948,186898,71.1,16294,6.2,203192,2021-06-01
"55-59",285387,205687,72.1,17703,6.2,223390,2021-06-01
"60-64",271707,209341,77,20724,7.6,230065,2021-06-01
"65-69",217596,179551,82.5,29015,13.3,208566,2021-06-01
"70-74",166506,139214,83.6,38581,23.2,177795,2021-06-01
"75-79",107003,90984,85,76447,71.4,167431,2021-06-01
"80-84",69877,60653,86.8,52107,74.6,112760,2021-06-01
"85-89",44852,38911,86.8,34128,76.1,73039,2021-06-01
"90+",28637,24857,86.8,22275,77.8,47132,2021-06-01
"Unknown",NA,25438,NA,9717,NA,35155,2021-06-01
NA,3806860,2435067,64,406712,10.7,2841779,2021-06-01
"ALL",4470643,2435067,54.5,406712,9.1,2841779,2021-06-01
NA,663783,0,0,0,0,0,2021-06-02
NA,166087,75399,45.4,122,0.1,75521,2021-06-02
NA,258656,133146,51.5,2164,0.8,135310,2021-06-02
"20-24",276991,138925,50.2,7550,2.7,146475,2021-06-02
"25-29",310735,155192,49.9,12868,4.1,168060,2021-06-02
"30-34",356322,190444,53.4,16692,4.7,207136,2021-06-02
"35-39",366699,208502,56.9,18926,5.2,227428,2021-06-02
"40-44",325544,200938,61.7,17933,5.5,218871,2021-06-02
"45-49",291312,190727,65.5,17403,6,208130,2021-06-02
"50-54",262948,187957,71.5,17256,6.6,205213,2021-06-02
"55-59",285387,206600,72.4,19281,6.8,225881,2021-06-02
"60-64",271707,209995,77.3,25444,9.4,235439,2021-06-02
"65-69",217596,179911,82.7,35125,16.1,215036,2021-06-02
"70-74",166506,139435,83.7,43426,26.1,182861,2021-06-02
"75-79",107003,91082,85.1,76773,71.7,167855,2021-06-02
"80-84",69877,60699,86.9,52272,74.8,112971,2021-06-02
"85-89",44852,38938,86.8,34254,76.4,73192,2021-06-02
"90+",28637,24869,86.8,22328,78,47197,2021-06-02
"Unknown",NA,25757,NA,9672,NA,35429,2021-06-02
NA,3806860,2458516,64.6,429489,11.3,2888005,2021-06-02
"ALL",4470643,2458516,55,429489,9.6,2888005,2021-06-02
NA,663783,0,0,0,0,0,2021-06-03
NA,166087,78175,47.1,178,0.1,78353,2021-06-03
NA,258656,136907,52.9,2411,0.9,139318,2021-06-03
"20-24",276991,142119,51.3,8072,2.9,150191,2021-06-03
"25-29",310735,158201,50.9,13577,4.4,171778,2021-06-03
"30-34",356322,193296,54.2,17722,5,211018,2021-06-03
"35-39",366699,211348,57.6,20065,5.5,231413,2021-06-03
"40-44",325544,203196,62.4,19014,5.8,222210,2021-06-03
"45-49",291312,192623,66.1,18581,6.4,211204,2021-06-03
"50-54",262948,189369,72,18733,7.1,208102,2021-06-03
"55-59",285387,207758,72.8,21990,7.7,229748,2021-06-03
"60-64",271707,210878,77.6,33968,12.5,244846,2021-06-03
"65-69",217596,180374,82.9,44911,20.6,225285,2021-06-03
"70-74",166506,139746,83.9,51144,30.7,190890,2021-06-03
"75-79",107003,91193,85.2,77258,72.2,168451,2021-06-03
"80-84",69877,60753,86.9,52546,75.2,113299,2021-06-03
"85-89",44852,38980,86.9,34391,76.7,73371,2021-06-03
"90+",28637,24887,86.9,22409,78.2,47296,2021-06-03
"Unknown",NA,25855,NA,9299,NA,35154,2021-06-03
NA,3806860,2485658,65.3,466269,12.2,2951927,2021-06-03
"ALL",4470643,2485658,55.6,466269,10.4,2951927,2021-06-03
NA,663783,0,0,0,0,0,2021-06-04
NA,166087,80646,48.6,281,0.2,80927,2021-06-04
NA,258656,140150,54.2,2760,1.1,142910,2021-06-04
"20-24",276991,144683,52.2,8683,3.1,153366,2021-06-04
"25-29",310735,160893,51.8,14418,4.6,175311,2021-06-04
"30-34",356322,195887,55,18848,5.3,214735,2021-06-04
"35-39",366699,214018,58.4,21362,5.8,235380,2021-06-04
"40-44",325544,205492,63.1,20271,6.2,225763,2021-06-04
"45-49",291312,194399,66.7,19975,6.9,214374,2021-06-04
"50-54",262948,190625,72.5,20391,7.8,211016,2021-06-04
"55-59",285387,208787,73.2,24865,8.7,233652,2021-06-04
"60-64",271707,211601,77.9,41880,15.4,253481,2021-06-04
"65-69",217596,180742,83.1,53733,24.7,234475,2021-06-04
"70-74",166506,139991,84.1,58026,34.8,198017,2021-06-04
"75-79",107003,91275,85.3,77785,72.7,169060,2021-06-04
"80-84",69877,60812,87,52835,75.6,113647,2021-06-04
"85-89",44852,39009,87,34563,77.1,73572,2021-06-04
"90+",28637,24907,87,22519,78.6,47426,2021-06-04
"Unknown",NA,26805,NA,9638,NA,36443,2021-06-04
NA,3806860,2510722,66,502833,13.2,3013555,2021-06-04
"ALL",4470643,2510722,56.2,502833,11.2,3013555,2021-06-04
NA,663783,0,0,0,0,0,2021-06-05
NA,166087,82624,49.7,363,0.2,82987,2021-06-05
NA,258656,142640,55.1,3086,1.2,145726,2021-06-05
"20-24",276991,146586,52.9,9198,3.3,155784,2021-06-05
"25-29",310735,162801,52.4,15123,4.9,177924,2021-06-05
"30-34",356322,197695,55.5,19900,5.6,217595,2021-06-05
"35-39",366699,215863,58.9,22572,6.2,238435,2021-06-05
"40-44",325544,206980,63.6,21375,6.6,228355,2021-06-05
"45-49",291312,195600,67.1,21146,7.3,216746,2021-06-05
"50-54",262948,191479,72.8,21855,8.3,213334,2021-06-05
"55-59",285387,209478,73.4,27375,9.6,236853,2021-06-05
"60-64",271707,212072,78.1,46941,17.3,259013,2021-06-05
"65-69",217596,180979,83.2,59825,27.5,240804,2021-06-05
"70-74",166506,140137,84.2,62737,37.7,202874,2021-06-05
"75-79",107003,91335,85.4,78111,73,169446,2021-06-05
"80-84",69877,60854,87.1,53024,75.9,113878,2021-06-05
"85-89",44852,39021,87,34651,77.2,73672,2021-06-05
"90+",28637,24914,87,22568,78.8,47482,2021-06-05
"Unknown",NA,27102,NA,9652,NA,36754,2021-06-05
NA,3806860,2528160,66.4,529502,13.9,3057662,2021-06-05
"ALL",4470643,2528160,56.6,529502,11.8,3057662,2021-06-05
NA,663783,0,0,0,0,0,2021-06-06
NA,166087,83740,50.4,412,0.2,84152,2021-06-06
NA,258656,144108,55.7,3273,1.3,147381,2021-06-06
"20-24",276991,147753,53.3,9535,3.4,157288,2021-06-06
"25-29",310735,163963,52.8,15549,5,179512,2021-06-06
"30-34",356322,198783,55.8,20479,5.7,219262,2021-06-06
"35-39",366699,216898,59.1,23187,6.3,240085,2021-06-06
"40-44",325544,207813,63.8,22019,6.8,229832,2021-06-06
"45-49",291312,196327,67.4,21760,7.5,218087,2021-06-06
"50-54",262948,191961,73,22640,8.6,214601,2021-06-06
"55-59",285387,209840,73.5,28581,10,238421,2021-06-06
"60-64",271707,212354,78.2,50490,18.6,262844,2021-06-06
"65-69",217596,181117,83.2,63636,29.2,244753,2021-06-06
"70-74",166506,140202,84.2,65911,39.6,206113,2021-06-06
"75-79",107003,91371,85.4,78326,73.2,169697,2021-06-06
"80-84",69877,60870,87.1,53130,76,114000,2021-06-06
"85-89",44852,39029,87,34704,77.4,73733,2021-06-06
"90+",28637,24916,87,22589,78.9,47505,2021-06-06
"Unknown",NA,27221,NA,9632,NA,36853,2021-06-06
NA,3806860,2538266,66.7,545853,14.3,3084119,2021-06-06
"ALL",4470643,2538266,56.8,545853,12.2,3084119,2021-06-06
NA,663783,0,0,0,0,0,2021-06-07
NA,166087,84763,51,487,0.3,85250,2021-06-07
NA,258656,145429,56.2,3529,1.4,148958,2021-06-07
"20-24",276991,149091,53.8,10116,3.7,159207,2021-06-07
"25-29",310735,165289,53.2,16377,5.3,181666,2021-06-07
"30-34",356322,200096,56.2,21605,6.1,221701,2021-06-07
"35-39",366699,218301,59.5,24495,6.7,242796,2021-06-07
"40-44",325544,208825,64.1,23281,7.1,232106,2021-06-07
"45-49",291312,197132,67.7,22953,7.9,220085,2021-06-07
"50-54",262948,192577,73.2,24030,9.1,216607,2021-06-07
"55-59",285387,210376,73.7,30895,10.8,241271,2021-06-07
"60-64",271707,212775,78.3,55612,20.5,268387,2021-06-07
"65-69",217596,181364,83.3,69914,32.1,251278,2021-06-07
"70-74",166506,140343,84.3,70851,42.5,211194,2021-06-07
"75-79",107003,91422,85.4,78709,73.6,170131,2021-06-07
"80-84",69877,60914,87.2,53340,76.3,114254,2021-06-07
"85-89",44852,39050,87.1,34832,77.7,73882,2021-06-07
"90+",28637,24925,87,22643,79.1,47568,2021-06-07
"Unknown",NA,27343,NA,9542,NA,36885,2021-06-07
NA,3806860,2550015,67,573211,15.1,3123226,2021-06-07
"ALL",4470643,2550015,57,573211,12.8,3123226,2021-06-07
NA,663783,0,0,0,0,0,2021-06-08
NA,166087,85581,51.5,558,0.3,86139,2021-06-08
NA,258656,146586,56.7,3755,1.5,150341,2021-06-08
"20-24",276991,150150,54.2,10747,3.9,160897,2021-06-08
"25-29",310735,166377,53.5,17211,5.5,183588,2021-06-08
"30-34",356322,201153,56.5,22756,6.4,223909,2021-06-08
"35-39",366699,219391,59.8,25736,7,245127,2021-06-08
"40-44",325544,209642,64.4,24493,7.5,234135,2021-06-08
"45-49",291312,197834,67.9,24121,8.3,221955,2021-06-08
"50-54",262948,193128,73.4,25485,9.7,218613,2021-06-08
"55-59",285387,210840,73.9,33149,11.6,243989,2021-06-08
"60-64",271707,213167,78.5,59975,22.1,273142,2021-06-08
"65-69",217596,181621,83.5,75157,34.5,256778,2021-06-08
"70-74",166506,140481,84.4,75160,45.1,215641,2021-06-08
"75-79",107003,91480,85.5,79089,73.9,170569,2021-06-08
"80-84",69877,60952,87.2,53604,76.7,114556,2021-06-08
"85-89",44852,39068,87.1,34949,77.9,74017,2021-06-08
"90+",28637,24933,87.1,22704,79.3,47637,2021-06-08
"Unknown",NA,27339,NA,9490,NA,36829,2021-06-08
NA,3806860,2559723,67.2,598139,15.7,3157862,2021-06-08
"ALL",4470643,2559723,57.3,598139,13.4,3157862,2021-06-08
NA,663783,0,0,0,0,0,2021-06-09
NA,166087,86517,52.1,699,0.4,87216,2021-06-09
NA,258656,147913,57.2,4193,1.6,152106,2021-06-09
"20-24",276991,151456,54.7,11558,4.2,163014,2021-06-09
"25-29",310735,167682,54,18340,5.9,186022,2021-06-09
"30-34",356322,202427,56.8,24291,6.8,226718,2021-06-09
"35-39",366699,220665,60.2,27447,7.5,248112,2021-06-09
"40-44",325544,210648,64.7,26102,8,236750,2021-06-09
"45-49",291312,198674,68.2,25798,8.9,224472,2021-06-09
"50-54",262948,193799,73.7,27436,10.4,221235,2021-06-09
"55-59",285387,211386,74.1,36298,12.7,247684,2021-06-09
"60-64",271707,213638,78.6,66736,24.6,280374,2021-06-09
"65-69",217596,181904,83.6,81170,37.3,263074,2021-06-09
"70-74",166506,140670,84.5,80036,48.1,220706,2021-06-09
"75-79",107003,91560,85.6,79543,74.3,171103,2021-06-09
"80-84",69877,61004,87.3,53890,77.1,114894,2021-06-09
"85-89",44852,39083,87.1,35108,78.3,74191,2021-06-09
"90+",28637,24944,87.1,22814,79.7,47758,2021-06-09
"Unknown",NA,36400,NA,13315,NA,49715,2021-06-09
NA,3806860,2580370,67.8,634774,16.7,3215144,2021-06-09
"ALL",4470643,2580370,57.7,634774,14.2,3215144,2021-06-09
NA,663783,0,0,0,0,0,2021-06-10
NA,166087,87629,52.8,938,0.6,88567,2021-06-10
NA,258656,149335,57.7,4881,1.9,154216,2021-06-10
"20-24",276991,152919,55.2,12665,4.6,165584,2021-06-10
"25-29",310735,169142,54.4,19851,6.4,188993,2021-06-10
"30-34",356322,204010,57.3,26343,7.4,230353,2021-06-10
"35-39",366699,222308,60.6,29873,8.1,252181,2021-06-10
"40-44",325544,211945,65.1,28646,8.8,240591,2021-06-10
"45-49",291312,199799,68.6,28492,9.8,228291,2021-06-10
"50-54",262948,194670,74,30380,11.6,225050,2021-06-10
"55-59",285387,212250,74.4,41206,14.4,253456,2021-06-10
"60-64",271707,214339,78.9,75294,27.7,289633,2021-06-10
"65-69",217596,182328,83.8,88450,40.6,270778,2021-06-10
"70-74",166506,140951,84.7,85930,51.6,226881,2021-06-10
"75-79",107003,91685,85.7,80129,74.9,171814,2021-06-10
"80-84",69877,61076,87.4,54241,77.6,115317,2021-06-10
"85-89",44852,39116,87.2,35299,78.7,74415,2021-06-10
"90+",28637,24959,87.2,22922,80,47881,2021-06-10
"Unknown",NA,36448,NA,13001,NA,49449,2021-06-10
NA,3806860,2594909,68.2,678541,17.8,3273450,2021-06-10
"ALL",4470643,2594909,58,678541,15.2,3273450,2021-06-10
NA,663783,0,0,0,0,0,2021-06-11
NA,166087,88590,53.3,1211,0.7,89801,2021-06-11
NA,258656,150371,58.1,5741,2.2,156112,2021-06-11
"20-24",276991,154018,55.6,14048,5.1,168066,2021-06-11
"25-29",310735,170363,54.8,21726,7,192089,2021-06-11
"30-34",356322,205260,57.6,28873,8.1,234133,2021-06-11
"35-39",366699,223587,61,32998,9,256585,2021-06-11
"40-44",325544,212967,65.4,32846,10.1,245813,2021-06-11
"45-49",291312,200718,68.9,32689,11.2,233407,2021-06-11
"50-54",262948,195434,74.3,34960,13.3,230394,2021-06-11
"55-59",285387,212861,74.6,47785,16.7,260646,2021-06-11
"60-64",271707,214841,79.1,82638,30.4,297479,2021-06-11
"65-69",217596,182640,83.9,94899,43.6,277539,2021-06-11
"70-74",166506,141151,84.8,90620,54.4,231771,2021-06-11
"75-79",107003,91801,85.8,80607,75.3,172408,2021-06-11
"80-84",69877,61114,87.5,54532,78,115646,2021-06-11
"85-89",44852,39139,87.3,35454,79,74593,2021-06-11
"90+",28637,24970,87.2,23009,80.3,47979,2021-06-11
"Unknown",NA,37888,NA,14501,NA,52389,2021-06-11
NA,3806860,2607713,68.5,729137,19.2,3336850,2021-06-11
"ALL",4470643,2607713,58.3,729137,16.3,3336850,2021-06-11
NA,663783,0,0,0,0,0,2021-06-12
NA,166087,89466,53.9,1554,0.9,91020,2021-06-12
NA,258656,151395,58.5,6689,2.6,158084,2021-06-12
"20-24",276991,154842,55.9,15333,5.5,170175,2021-06-12
"25-29",310735,171269,55.1,23233,7.5,194502,2021-06-12
"30-34",356322,206203,57.9,31021,8.7,237224,2021-06-12
"35-39",366699,224491,61.2,35627,9.7,260118,2021-06-12
"40-44",325544,213706,65.6,36180,11.1,249886,2021-06-12
"45-49",291312,201359,69.1,36146,12.4,237505,2021-06-12
"50-54",262948,195910,74.5,38641,14.7,234551,2021-06-12
"55-59",285387,213318,74.7,52757,18.5,266075,2021-06-12
"60-64",271707,215193,79.2,87849,32.3,303042,2021-06-12
"65-69",217596,182832,84,99691,45.8,282523,2021-06-12
"70-74",166506,141268,84.8,94062,56.5,235330,2021-06-12
"75-79",107003,91867,85.9,80964,75.7,172831,2021-06-12
"80-84",69877,61142,87.5,54704,78.3,115846,2021-06-12
"85-89",44852,39157,87.3,35536,79.2,74693,2021-06-12
"90+",28637,24973,87.2,23062,80.5,48035,2021-06-12
"Unknown",NA,38049,NA,14537,NA,52586,2021-06-12
NA,3806860,2616440,68.7,767586,20.2,3384026,2021-06-12
"ALL",4470643,2616440,58.5,767586,17.2,3384026,2021-06-12
NA,663783,0,0,0,0,0,2021-06-13
NA,166087,89856,54.1,1683,1,91539,2021-06-13
NA,258656,151848,58.7,7243,2.8,159091,2021-06-13
"20-24",276991,155253,56,16127,5.8,171380,2021-06-13
"25-29",310735,171762,55.3,24250,7.8,196012,2021-06-13
"30-34",356322,206665,58,32395,9.1,239060,2021-06-13
"35-39",366699,224897,61.3,37227,10.1,262124,2021-06-13
"40-44",325544,214030,65.7,38487,11.8,252517,2021-06-13
"45-49",291312,201635,69.2,38528,13.2,240163,2021-06-13
"50-54",262948,196142,74.6,41130,15.6,237272,2021-06-13
"55-59",285387,213513,74.8,55722,19.5,269235,2021-06-13
"60-64",271707,215356,79.3,91293,33.6,306649,2021-06-13
"65-69",217596,182911,84.1,102665,47.2,285576,2021-06-13
"70-74",166506,141308,84.9,96441,57.9,237749,2021-06-13
"75-79",107003,91890,85.9,81175,75.9,173065,2021-06-13
"80-84",69877,61155,87.5,54834,78.5,115989,2021-06-13
"85-89",44852,39161,87.3,35587,79.3,74748,2021-06-13
"90+",28637,24973,87.2,23091,80.6,48064,2021-06-13
"Unknown",NA,38040,NA,14478,NA,52518,2021-06-13
NA,3806860,2620395,68.8,792356,20.8,3412751,2021-06-13
"ALL",4470643,2620395,58.6,792356,17.7,3412751,2021-06-13
NA,663783,0,0,0,0,0,2021-06-14
NA,166087,90239,54.3,1896,1.1,92135,2021-06-14
NA,258656,152335,58.9,8066,3.1,160401,2021-06-14
"20-24",276991,155845,56.3,17655,6.4,173500,2021-06-14
"25-29",310735,172320,55.5,26122,8.4,198442,2021-06-14
"30-34",356322,207266,58.2,35001,9.8,242267,2021-06-14
"35-39",366699,225503,61.5,40301,11,265804,2021-06-14
"40-44",325544,214556,65.9,42820,13.2,257376,2021-06-14
"45-49",291312,202062,69.4,42881,14.7,244943,2021-06-14
"50-54",262948,196464,74.7,45647,17.4,242111,2021-06-14
"55-59",285387,213887,74.9,62005,21.7,275892,2021-06-14
"60-64",271707,215691,79.4,97123,35.7,312814,2021-06-14
"65-69",217596,183127,84.2,107536,49.4,290663,2021-06-14
"70-74",166506,141495,85,99669,59.9,241164,2021-06-14
"75-79",107003,91980,86,81563,76.2,173543,2021-06-14
"80-84",69877,61196,87.6,55041,78.8,116237,2021-06-14
"85-89",44852,39179,87.4,35678,79.5,74857,2021-06-14
"90+",28637,24979,87.2,23153,80.8,48132,2021-06-14
"Unknown",NA,55670,NA,14456,NA,70126,2021-06-14
NA,3806860,2643794,69.4,836613,22,3480407,2021-06-14
"ALL",4470643,2643794,59.1,836613,18.7,3480407,2021-06-14
NA,663783,0,0,0,0,0,2021-06-15
NA,166087,90531,54.5,2057,1.2,92588,2021-06-15
NA,258656,152742,59.1,8772,3.4,161514,2021-06-15
"20-24",276991,156366,56.5,19072,6.9,175438,2021-06-15
"25-29",310735,172895,55.6,27992,9,200887,2021-06-15
"30-34",356322,207845,58.3,37480,10.5,245325,2021-06-15
"35-39",366699,226100,61.7,43220,11.8,269320,2021-06-15
"40-44",325544,215045,66.1,47079,14.5,262124,2021-06-15
"45-49",291312,202460,69.5,47003,16.1,249463,2021-06-15
"50-54",262948,196844,74.9,50000,19,246844,2021-06-15
"55-59",285387,214283,75.1,67571,23.7,281854,2021-06-15
"60-64",271707,216027,79.5,102477,37.7,318504,2021-06-15
"65-69",217596,183428,84.3,111963,51.4,295391,2021-06-15
"70-74",166506,141694,85.1,102646,61.6,244340,2021-06-15
"75-79",107003,92069,86,81927,76.6,173996,2021-06-15
"80-84",69877,61237,87.6,55246,79.1,116483,2021-06-15
"85-89",44852,39192,87.4,35793,79.8,74985,2021-06-15
"90+",28637,24987,87.3,23203,81,48190,2021-06-15
"Unknown",NA,61095,NA,15093,NA,76188,2021-06-15
NA,3806860,2654840,69.7,878594,23.1,3533434,2021-06-15
"ALL",4470643,2654840,59.4,878594,19.6,3533434,2021-06-15
NA,663783,0,0,0,0,0,2021-06-16
NA,166087,90916,54.7,2325,1.4,93241,2021-06-16
NA,258656,153260,59.3,9671,3.7,162931,2021-06-16
"20-24",276991,156940,56.7,20610,7.4,177550,2021-06-16
"25-29",310735,173549,55.9,29863,9.6,203412,2021-06-16
"30-34",356322,208462,58.5,39879,11.2,248341,2021-06-16
"35-39",366699,226766,61.8,46163,12.6,272929,2021-06-16
"40-44",325544,215565,66.2,51853,15.9,267418,2021-06-16
"45-49",291312,202933,69.7,51569,17.7,254502,2021-06-16
"50-54",262948,197290,75,54843,20.9,252133,2021-06-16
"55-59",285387,214713,75.2,73527,25.8,288240,2021-06-16
"60-64",271707,216411,79.6,107988,39.7,324399,2021-06-16
"65-69",217596,183655,84.4,116551,53.6,300206,2021-06-16
"70-74",166506,141837,85.2,105720,63.5,247557,2021-06-16
"75-79",107003,92138,86.1,82338,76.9,174476,2021-06-16
"80-84",69877,61270,87.7,55466,79.4,116736,2021-06-16
"85-89",44852,39200,87.4,35924,80.1,75124,2021-06-16
"90+",28637,24995,87.3,23292,81.3,48287,2021-06-16
"Unknown",NA,61230,NA,14694,NA,75924,2021-06-16
NA,3806860,2661130,69.9,922276,24.2,3583406,2021-06-16
"ALL",4470643,2661130,59.5,922276,20.6,3583406,2021-06-16
NA,663783,0,0,0,0,0,2021-06-17
NA,166087,91554,55.1,2945,1.8,94499,2021-06-17
NA,258656,154180,59.6,11185,4.3,165365,2021-06-17
"20-24",276991,157951,57,22604,8.2,180555,2021-06-17
"25-29",310735,174640,56.2,32410,10.4,207050,2021-06-17
"30-34",356322,209528,58.8,43321,12.2,252849,2021-06-17
"35-39",366699,227887,62.1,50228,13.7,278115,2021-06-17
"40-44",325544,216518,66.5,58383,17.9,274901,2021-06-17
"45-49",291312,203783,70,58177,20,261960,2021-06-17
"50-54",262948,197968,75.3,61638,23.4,259606,2021-06-17
"55-59",285387,215354,75.5,82005,28.7,297359,2021-06-17
"60-64",271707,216982,79.9,115091,42.4,332073,2021-06-17
"65-69",217596,184044,84.6,122747,56.4,306791,2021-06-17
"70-74",166506,142090,85.3,109584,65.8,251674,2021-06-17
"75-79",107003,92245,86.2,82951,77.5,175196,2021-06-17
"80-84",69877,61322,87.8,55781,79.8,117103,2021-06-17
"85-89",44852,39229,87.5,36140,80.6,75369,2021-06-17
"90+",28637,25005,87.3,23395,81.7,48400,2021-06-17
"Unknown",NA,61284,NA,14601,NA,75885,2021-06-17
NA,3806860,2671564,70.2,983186,25.8,3654750,2021-06-17
"ALL",4470643,2671564,59.8,983186,22,3654750,2021-06-17
