"DATE","ZONE","GOA_TYPE","LOCATION"
2020-11-12,"North","LTC","Grande Prairie Care Centre"
2020-11-12,"North","LTC","Mayerthorpe Extendicare"
2020-11-12,"North","SLC","Hillcrest Lodge, Barrhead"
2020-11-12,"North","SLC","Prairie Lakes Senior Facility, Grande Prairie"
2020-11-12,"North","Other","CNRL Albian, Fort McMurray"
2020-11-12,"North","Other","CNRL Horizon, Fort McMurray"
2020-11-12,"North","Other","Fairmont Jasper Park Lodge, Jasper"
2020-11-12,"North","Other","Kearl Lake work site, Fort Mackay"
2020-11-12,"North","Other","Norbord, Grande Prairie"
2020-11-12,"North","Other","RCMP detachment, Grande Prairie"
2020-11-12,"North","Other","Sport cohort, Fairview"
2020-11-12,"North","Other","Suncor base plant, Fort McMurray"
2020-11-12,"North","Other","Suncor Firebag, Fort McMurray"
2020-11-12,"North","Other","Syncrude Mildred Lake site, Fort McMurray"
2020-11-12,"North","Other","Victory Church on the Rock, Grande Prairie"
2020-11-12,"Edmonton","Acute","Grey Nuns Community Hospital, Edmonton"
2020-11-12,"Edmonton","Acute","Leduc Community Hospital"
2020-11-12,"Edmonton","Acute","Misericordia Community Hospital, Edmonton"
2020-11-12,"Edmonton","Acute","Royal Alexandra Hospital, Edmonton"
2020-11-12,"Edmonton","Acute","University of Alberta Hospital, Edmonton"
2020-11-12,"Edmonton","LTC","Capital Care, Norwood, Edmonton"
2020-11-12,"Edmonton","LTC","Citadel Care Centre, St. Albert"
2020-11-12,"Edmonton","LTC","Covenant Health St. Joseph's, Edmonton"
2020-11-12,"Edmonton","LTC","Devonshire Care Centre, Edmonton"
2020-11-12,"Edmonton","LTC","Edmonton Chinatown Care Centre"
2020-11-12,"Edmonton","LTC","Edmonton General Continuing Care Centre"
2020-11-12,"Edmonton","LTC","Extendicare Eaux Claires, Edmonton"
2020-11-12,"Edmonton","LTC","Extendicare Holyrood, Edmonton"
2020-11-12,"Edmonton","LTC","Glastonbury Mews, Edmonton"
2020-11-12,"Edmonton","LTC","Good Samaritan, Pembina Village, Evansburg"
2020-11-12,"Edmonton","LTC","Jasper Place Continuing Care Centre, Edmonton"
2020-11-12,"Edmonton","LTC","Kipnes Centre for Veterans, Edmonton"
2020-11-12,"Edmonton","LTC","Millwoods Shepherd's Care Centre, Edmonton"
2020-11-12,"Edmonton","LTC","Rutherford Retirement Residence, Edmonton"
2020-11-12,"Edmonton","LTC","South Terrace Continuing Care, Edmonton"
2020-11-12,"Edmonton","LTC","Youville Home, St. Albert"
2020-11-12,"Edmonton","SLC","Ambrose Place, Edmonton"
2020-11-12,"Edmonton","SLC","Covenant Care Chateau Vitaline, Beaumont"
2020-11-12,"Edmonton","SLC","Ironwood Estates, St. Albert"
2020-11-12,"Edmonton","SLC","Jubilee Lodge Nursing Home, Edmonton"
2020-11-12,"Edmonton","SLC","Laurel Heights Retirement Residence, Edmonton"
2020-11-12,"Edmonton","SLC","Lifestyle Options Terra Losa, Edmonton"
2020-11-12,"Edmonton","SLC","Our Parents' Home, Edmonton"
2020-11-12,"Edmonton","SLC","Rosedale Estates, Edmonton"
2020-11-12,"Edmonton","SLC","St. Albert Retirement Residence"
2020-11-12,"Edmonton","SLC","Village at Westmount, Edmonton"
2020-11-12,"Edmonton","SLC","Villa Marguerite, Edmonton"
2020-11-12,"Edmonton","Other","A Child's Story Daycare, Edmonton"
2020-11-12,"Edmonton","Other","Canada Bread Company, Edmonton"
2020-11-12,"Edmonton","Other","C.E.P.P. Garderie La Belle Nature, St. Albert"
2020-11-12,"Edmonton","Other","Earls Kitchen and Bar (Clareview), Edmonton"
2020-11-12,"Edmonton","Other","Edmonton General Hospital (non-acute care)"
2020-11-12,"Edmonton","Other","Edmonton Institution for Women"
2020-11-12,"Edmonton","Other","Edmonton People in Need Society"
2020-11-12,"Edmonton","Other","Heartland Petrochemical Complex, Edmonton"
2020-11-12,"Edmonton","Other","Hello Fresh warehouse, Edmonton"
2020-11-12,"Edmonton","Other","Heritage Frozen Foods, Edmonton"
2020-11-12,"Edmonton","Other","Hope Mission, Edmonton"
2020-11-12,"Edmonton","Other","Little Potato Company, Edmonton"
2020-11-12,"Edmonton","Other","MacEwan University Theatre Arts Program, Edmonton"
2020-11-12,"Edmonton","Other","Maple Leaf Poultry, Edmonton"
2020-11-12,"Edmonton","Other","Montessori Play and Learn Centre, Edmonton"
2020-11-12,"Edmonton","Other","NWR Sturgeon Refinery, Gibbons"
2020-11-12,"Edmonton","Other","Private gatherings (2), Edmonton"
2020-11-12,"Edmonton","Other","ServiceMaster Restore Edmonton"
2020-11-12,"Edmonton","Other","Sport cohort, Morinville"
2020-11-12,"Edmonton","Other","Stepping Stones Kensington Child Development Centre, Edmonton"
2020-11-12,"Edmonton","Other","WF Steel and Crane, Edmonton"
2020-11-12,"Central","Other","Avenue Living Communities office, Red Deer"
2020-11-12,"Central","Other","Drumheller Institution"
2020-11-12,"Central","Other","Private gathering, Ponoka"
2020-11-12,"Calgary","Acute","Foothills Medical Centre, Calgary"
2020-11-12,"Calgary","Acute","Peter Lougheed Centre, Calgary"
2020-11-12,"Calgary","Acute","Rockyview General Hospital, Calgary"
2020-11-12,"Calgary","LTC","Carewest Colonel Belcher, Calgary"
2020-11-12,"Calgary","LTC","Extendicare Hillcrest, Calgary"
2020-11-12,"Calgary","LTC","Intercare Chinook Care Centre, Calgary"
2020-11-12,"Calgary","LTC","The Manor Village Varsity, Calgary"
2020-11-12,"Calgary","LTC","Revera Bow-Crest, Calgary"
2020-11-12,"Calgary","LTC","Revera Mount Royal Long Term Care Home, Calgary"
2020-11-12,"Calgary","LTC","Wentworth Manor (The Residence), Calgary"
2020-11-12,"Calgary","LTC","Wing Kei Care Centre, Calgary"
2020-11-12,"Calgary","SLC","Agecare Skypointe, Calgary"
2020-11-12,"Calgary","SLC","Amica Aspen Woods, Calgary"
2020-11-12,"Calgary","SLC","Carewest George Boyack, Calgary"
2020-11-12,"Calgary","SLC","CBI Specialized Community Services, Calgary"
2020-11-12,"Calgary","SLC","Extendicare Cedars Villa, Calgary"
2020-11-12,"Calgary","SLC","Holy Cross Manor, Calgary"
2020-11-12,"Calgary","SLC","Prince of Peace Manor, Calgary"
2020-11-12,"Calgary","SLC","Sage Hill Retirement Residence, Calgary"
2020-11-12,"Calgary","SLC","Spruce Lodge, Calgary"
2020-11-12,"Calgary","SLC","St. Marguerite Manor, Calgary"
2020-11-12,"Calgary","SLC","Staywell Manor, Calgary"
2020-11-12,"Calgary","SLC","Vecova Group Home, Calgary"
2020-11-12,"Calgary","SLC","Waverley House Personal Care Home, Calgary"
2020-11-12,"Calgary","Other","Airdrie Martial Arts Centre"
2020-11-12,"Calgary","Other","Amazon warehouse, Rocky View County"
2020-11-12,"Calgary","Other","Calgary Alpha House, Francis Manor"
2020-11-12,"Calgary","Other","Calgary Correctional Centre"
2020-11-12,"Calgary","Other","Calgary Drop-In Centre"
2020-11-12,"Calgary","Other","Calgary Remand Centre"
2020-11-12,"Calgary","Other","CBI (Prestwick location), Calgary"
2020-11-12,"Calgary","Other","Centennial Foodservice, Calgary"
2020-11-12,"Calgary","Other","Chestermere Lake Crossfit, Chestermere"
2020-11-12,"Calgary","Other","CIBC Sunridge Corner, Calgary"
2020-11-12,"Calgary","Other","Dafco, Calgary"
2020-11-12,"Calgary","Other","Goodfood Market, Calgary"
2020-11-12,"Calgary","Other","Harmony Beef, Rocky View County"
2020-11-12,"Calgary","Other","Hunter Logistics Ltd., Calgary"
2020-11-12,"Calgary","Other","Kal Tire (6607 MacleodTrail SW), Calgary"
2020-11-12,"Calgary","Other","Little Angels Daycare, Airdrie"
2020-11-12,"Calgary","Other","Merlin Plastics, Calgary"
2020-11-12,"Calgary","Other","Metrie Canada, Calgary"
2020-11-12,"Calgary","Other","Private gatherings (2), Calgary"
2020-11-12,"Calgary","Other","Private gathering, Chestermere"
2020-11-12,"Calgary","Other","Provision Analytics Inc., Calgary"
2020-11-12,"Calgary","Other","Real Canadian Superstore (3633 Westwinds Dr. NE), Calgary"
2020-11-12,"Calgary","Other","Starbelly Restaurant, Calgary"
2020-11-12,"Calgary","Other","Walmart Logistics, Calgary"
2020-11-12,"South","Acute","Bow Island Health Centre"
2020-11-12,"South","Acute","Chinook Regional Hospital, Lethbridge"
2020-11-12,"South","LTC","Edith Cavell Care Centre, Lethbridge"
2020-11-12,"South","LTC","St. Michael's Health Centre, Lethbridge"
2020-11-12,"South","SLC","Good Samaritan West Highland Centre, Lethbridge"
2020-11-12,"South","Other","Cavendish, Lethbridge"
2020-11-12,"South","Other","New Life Pentecostal Church (Gospel Fire Evangelical), Lethbridge"
2020-11-12,"South","Other","Private dayhome, Medicine Hat"
2020-11-12,"South","Other","Private gathering, Lethbridge"
2020-11-12,"South","Other","Redcliff Legion"
2020-11-12,"South","Other","ROC Christian Ministries, Coaldale"
2020-11-12,"South","Other","Studio Elle, Brooks"
2020-11-12,"South","Other","Top Hat Adult Entertainment, Lethbridge"
