"DATE","ZONE","GOA_TYPE","LOCATION"
2021-03-17,"North","Acute","Bonnyville Health Centre"
2021-03-17,"North","Acute","Valleyview Health Centre"
2021-03-17,"North","Acute","Westlock Healthcare Centre"
2021-03-17,"North","LTC","Extendicare Bonnyville"
2021-03-17,"North","SLC","Heritage Lodge, Grande Prairie"
2021-03-17,"North","SLC","Keekenow Senior's Facility, Wabasca"
2021-03-17,"North","Other","Care Human Services, Grande Prairie"
2021-03-17,"North","Other","Cenovus Foster Creek, Cold Lake"
2021-03-17,"North","Other","CNRL Albian, Regional Municipality of Wood Buffalo"
2021-03-17,"North","Other","CNRL Horizon, Regional Municipality of Wood Buffalo"
2021-03-17,"North","Other","Imperial Oil, Cold Lake"
2021-03-17,"North","Other","Kearl Lake work site, Fort Mckay"
2021-03-17,"North","Other","Knowledge Tree Childcare Centre, Valleyview"
2021-03-17,"North","Other","McCullough Centre, Gunn"
2021-03-17,"North","Other","Mighty Peace Chevrolet Buick GMC, Peace River"
2021-03-17,"North","Other","Northern Addictions Centre, Grande Prairie"
2021-03-17,"North","Other","Peace River Correctional Centre"
2021-03-17,"North","Other","Rotary House, Grande Prairie"
2021-03-17,"North","Other","St. Lawrence Centre, Grande Prairie"
2021-03-17,"North","Other","Suncor base plant, Regional Municipality of Wood Buffalo"
2021-03-17,"North","Other","Suncor Firebag Village, Regional Municipality of Wood Buffalo"
2021-03-17,"North","Other","Suncor Fort Hills, Regional Municipality of Wood Buffalo"
2021-03-17,"North","Other","Syncrude Mildred Lake site, Regional Municipality of Wood Buffalo"
2021-03-17,"North","Other","Tourmaline Oil Musreau, Grande Prairie"
2021-03-17,"North","Other","Walmart, Grande Prairie"
2021-03-17,"Edmonton","Acute","Grey Nuns Community Hospital"
2021-03-17,"Edmonton","Acute","Leduc Community Hospital"
2021-03-17,"Edmonton","Acute","Misericordia Community Hospital"
2021-03-17,"Edmonton","Acute","University of Alberta Hospital"
2021-03-17,"Edmonton","LTC","Capital Care Norwood, Edmonton"
2021-03-17,"Edmonton","LTC","Churchill Manor, Edmonton"
2021-03-17,"Edmonton","LTC","Covenant Health St. Joseph's, Edmonton"
2021-03-17,"Edmonton","LTC","Extendicare Eaux Claires, Edmonton"
2021-03-17,"Edmonton","LTC","Hardisty Care Centre, Edmonton"
2021-03-17,"Edmonton","LTC","Jasper Place Continuing Care Centre, Edmonton"
2021-03-17,"Edmonton","LTC","Jubilee Lodge Nursing Home, Edmonton"
2021-03-17,"Edmonton","SLC","Crystal Lily Homes, Edmonton"
2021-03-17,"Edmonton","SLC","Private group home, Edmonton"
2021-03-17,"Edmonton","Other","Amazon warehouse, Edmonton"
2021-03-17,"Edmonton","Other","CN Rail Walker Yard, Edmonton"
2021-03-17,"Edmonton","Other","Edmonton Convention Centre"
2021-03-17,"Edmonton","Other","Edmonton Remand Centre"
2021-03-17,"Edmonton","Other","Fort Saskatchewan Correctional Centre"
2021-03-17,"Edmonton","Other","Heartland Petrochemical Complex, Fort Saskatchewan"
2021-03-17,"Edmonton","Other","Lilydale Sofina Foods, Edmonton"
2021-03-17,"Edmonton","Other","Logican Technologies, Edmonton"
2021-03-17,"Edmonton","Other","Millwoods Registry, Edmonton"
2021-03-17,"Edmonton","Other","Saputo Dairy Products, Edmonton"
2021-03-17,"Edmonton","Other","Skills Society, Edmonton"
2021-03-17,"Edmonton","Other","Stepping Stones Kensington Child Development Centre, Edmonton"
2021-03-17,"Central","Acute","Red Deer Regional Hospital Centre"
2021-03-17,"Central","LTC","Bethany Meadows, Camrose"
2021-03-17,"Central","LTC","Lacombe Hospital and Care Centre"
2021-03-17,"Central","SLC","Covenant Care Villa Marie, Red Deer"
2021-03-17,"Central","SLC","Drumheller Institution"
2021-03-17,"Central","SLC","Extendicare Michener Hill, Red Deer"
2021-03-17,"Central","SLC","Michener Services, Red Deer"
2021-03-17,"Central","SLC","Parkland group homes (2), Red Deer"
2021-03-17,"Central","SLC","Piper Creek Lodge, Red Deer"
2021-03-17,"Central","SLC","Private group home, Red Deer"
2021-03-17,"Central","SLC","Providence Place Daysland"
2021-03-17,"Central","SLC","Revera Aspen Ridge, Red Deer"
2021-03-17,"Central","Other","Olymel, Red Deer"
2021-03-17,"Central","Other","Private day home, Sylvan Lake"
2021-03-17,"Central","Other","Red Deer Remand Centre"
2021-03-17,"Central","Other","Sobeys, Rocky Mountain House"
2021-03-17,"Calgary","Acute","Strathmore Hospital"
2021-03-17,"Calgary","SLC","Agecare Sagewood, Strathmore"
2021-03-17,"Calgary","SLC","Beaver Dam Lodge, Calgary"
2021-03-17,"Calgary","SLC","Rijamo Care Home, Calgary"
2021-03-17,"Calgary","SLC","Silvera for Seniors Aspen Lodge, Calgary"
2021-03-17,"Calgary","SLC","Silvera Valleyview Lodge, Calgary"
2021-03-17,"Calgary","SLC","Vecova group home, Calgary"
2021-03-17,"Calgary","Other","AAA Doors, Calgary"
2021-03-17,"Calgary","Other","Alpha House Mustard Seed, Calgary"
2021-03-17,"Calgary","Other","Amazon sort centre, Balzac"
2021-03-17,"Calgary","Other","Block 23 construction site, Calgary"
2021-03-17,"Calgary","Other","Brightpath Southwood, Calgary"
2021-03-17,"Calgary","Other","Calgary Alpha House"
2021-03-17,"Calgary","Other","Calgary Correctional Centre"
2021-03-17,"Calgary","Other","Calgary Drop-In Centre"
2021-03-17,"Calgary","Other","Calgary Remand Centre"
2021-03-17,"Calgary","Other","Cargill Case Ready, Calgary"
2021-03-17,"Calgary","Other","Cargill Foods, High River"
2021-03-17,"Calgary","Other","Delmar College of Hair Design and Esthetics, Calgary"
2021-03-17,"Calgary","Other","Dominion Construction worksite, Calgary"
2021-03-17,"Calgary","Other","Home Depot warehouse and distribution centre, Calgary"
2021-03-17,"Calgary","Other","K-Bro Linen, Calgary"
2021-03-17,"Calgary","Other","Nakiska Ski Lodge"
2021-03-17,"Calgary","Other","Northland Volkswagen, Calgary"
2021-03-17,"Calgary","Other","Nurturecare Early Learning Centre, Calgary"
2021-03-17,"Calgary","Other","Real Canadian Superstore (15915 Macleod Trail SE), Calgary"
2021-03-17,"Calgary","Other","Skyward Construction site, Calgary"
2021-03-17,"Calgary","Other","Via Cibo (14 Street location), Calgary"
2021-03-17,"Calgary","Other","Walmart Logistics, Rocky View County"
2021-03-17,"Calgary","Other","Walmart McKenzie. Calgary"
2021-03-17,"South","Acute","Chinook Regional Hospital"
2021-03-17,"South","LTC","The Valleyview, Medicine Hat"
2021-03-17,"South","SLC","Edith Cavell Care Centre, Lethbridge"
2021-03-17,"South","SLC","Grandview Village, Lethbridge"
2021-03-17,"South","SLC","Martha's House, Lethbridge"
2021-03-17,"South","SLC","Quest Support group home, Lethbridge"
2021-03-17,"South","SLC","The View at Lethbridge"
2021-03-17,"South","Other","Blackfoot Family Lodge Society, Lethbridge"
2021-03-17,"South","Other","Haul All Equipment, Lethbridge"
2021-03-17,"South","Other","Lethbridge Alpha House"
2021-03-17,"South","Other","Safe Haven Women's Shelter, Taber"
