"DATE","ZONE","GOA_TYPE","LOCATION"
2020-06-29,"Edmonton","Acute","Misericordia Community Hospital, Edmonton"
2020-06-29,"Edmonton","SLC","Kensington Village - Shepherd's Manor, Edmonton"
2020-06-29,"Edmonton","SLC","Good Samaritan Group Home (Westpark), Edmonton"
2020-06-29,"Edmonton","Other","Family gathering - multiple barbeques, Edmonton"
2020-06-29,"Edmonton","Other","Materials recovery facility at Edmonton Waste Management Centre"
2020-06-29,"Calgary","LTC","Carewest Colonel Belcher, Calgary"
2020-06-29,"Calgary","LTC","Carewest Dr. Vernon Fanning Centre, Calgary"
2020-06-29,"Calgary","SLC","Hillcrest Extendicare, Calgary"
2020-06-29,"Calgary","SLC","Intercare Brentwood Care Centre, Calgary"
2020-06-29,"Calgary","Other","Calgary Drop-In Rehab Centre Society"
2020-06-29,"Calgary","Other","Cascade Recovery+, Calgary"
2020-06-29,"Calgary","Other","Fibrebuilt Manufacturing, Calgary"
2020-06-29,"Calgary","Other","High rise apartment building, Calgary"
2020-06-29,"Calgary","Other","Purolator, Calgary"
2020-06-29,"South","Other","JBS Foods Canada Inc., Brooks"
