"DATE","ZONE","GOA_TYPE","LOCATION"
2020-12-12,"North","Acute","George McDougall - Smoky Lake Healthcare Centre"
2020-12-12,"North","Acute","Seton - Jasper Healthcare Centre"
2020-12-12,"North","Acute","Queen Elizabeth II Hospital, Grande Prairie"
2020-12-12,"North","Acute","William J. Cadzow - Lac La Biche Healthcare Centre"
2020-12-12,"North","LTC","Extendicare Mayerthorpe"
2020-12-12,"North","LTC","Extendicare St. Paul"
2020-12-12,"North","LTC","Grande Prairie Care Centre"
2020-12-12,"North","LTC","Westlock Continuing Care Centre"
2020-12-12,"North","SLC","Bar-V-Nook Manor, Smoky Lake"
2020-12-12,"North","SLC","Heimstaed Lodge, La Crete"
2020-12-12,"North","SLC","Jasper Alpine Summit Seniors Lodge"
2020-12-12,"North","SLC","Ridgevalley Seniors Home, Crooked Creek"
2020-12-12,"North","Other","Boys and Girls Club, St. Paul"
2020-12-12,"North","Other","CNRL Horizon, Regional Municipality of Wood Buffalo"
2020-12-12,"North","Other","Elders Caring Shelter Society, Grande Prairie"
2020-12-12,"North","Other","Imperial Oil, Cold Lake"
2020-12-12,"North","Other","Kearl Lake work site, Fort Mckay"
2020-12-12,"North","Other","Rotary House, Grande Prairie"
2020-12-12,"North","Other","Suncor base plant, Regional Municipality of Wood Buffalo"
2020-12-12,"North","Other","Suncor Firebag, Regional Municipality of Wood Buffalo"
2020-12-12,"North","Other","Suncor MacKay River, Regional Municipality of Wood Buffalo"
2020-12-12,"North","Other","Syncrude Mildred Lake site, Regional Municipality of Wood Buffalo"
2020-12-12,"Edmonton","Acute","Alberta Hospital, Edmonton"
2020-12-12,"Edmonton","Acute","Devon General Hospital"
2020-12-12,"Edmonton","Acute","Glenrose Rehabilitation Hospital, Edmonton"
2020-12-12,"Edmonton","Acute","Grey Nuns Community Hospital, Edmonton"
2020-12-12,"Edmonton","Acute","Leduc Community Hospital"
2020-12-12,"Edmonton","Acute","Misericordia Community Hospital, Edmonton"
2020-12-12,"Edmonton","Acute","Royal Alexandra Hospital, Edmonton"
2020-12-12,"Edmonton","Acute","University of Alberta Hospital, Edmonton"
2020-12-12,"Edmonton","Acute","Villa Caritas, Edmonton"
2020-12-12,"Edmonton","LTC","Capital Care Dickinsfield, Edmonton"
2020-12-12,"Edmonton","LTC","Capital Care Grandview, Edmonton"
2020-12-12,"Edmonton","LTC","Capital Care Lynnwood, Edmonton"
2020-12-12,"Edmonton","LTC","Capital Care Norwood, Edmonton"
2020-12-12,"Edmonton","LTC","Capital Care Strathcona, Sherwood Park"
2020-12-12,"Edmonton","LTC","Citadel Care Centre, St. Albert"
2020-12-12,"Edmonton","LTC","Covenant Health St. Joseph's, Edmonton"
2020-12-12,"Edmonton","LTC","Covenant Health Youville Home, St. Albert"
2020-12-12,"Edmonton","LTC","Devon Hospital Continuing Care Centre"
2020-12-12,"Edmonton","LTC","Devonshire Care Centre, Edmonton"
2020-12-12,"Edmonton","LTC","Edmonton Chinatown Care Centre"
2020-12-12,"Edmonton","LTC","Edmonton General Continuing Care Centre"
2020-12-12,"Edmonton","LTC","Extendicare Eaux Claires, Edmonton"
2020-12-12,"Edmonton","LTC","Good Samaritan, Pembina Village, Evansburg"
2020-12-12,"Edmonton","LTC","Good Samaritan, Southgate, Edmonton"
2020-12-12,"Edmonton","LTC","Grand Manor, Edmonton"
2020-12-12,"Edmonton","LTC","Hardisty Care Centre, Edmonton"
2020-12-12,"Edmonton","LTC","Jasper Place Continuing Care Centre, Edmonton"
2020-12-12,"Edmonton","LTC","Kipnes Centre for Veterans, Edmonton"
2020-12-12,"Edmonton","LTC","Laurier House Lynnwood, Edmonton"
2020-12-12,"Edmonton","LTC","Mactaggart Place Retirement Residence, Edmonton"
2020-12-12,"Edmonton","LTC","Miller Crossing Care Centre, Edmonton"
2020-12-12,"Edmonton","LTC","Millwoods Shepherd's Care Centre, Edmonton"
2020-12-12,"Edmonton","LTC","Rivercrest Care Centre, Fort Saskatchewan"
2020-12-12,"Edmonton","LTC","Rutherford Retirement Residence, Edmonton"
2020-12-12,"Edmonton","LTC","Salem Manor, Leduc"
2020-12-12,"Edmonton","LTC","Shepherd's Care Eden House, Edmonton"
2020-12-12,"Edmonton","LTC","Shepherd's Care Greenfield, Edmonton"
2020-12-12,"Edmonton","LTC","Shepherd's Care Kensington Village, Edmonton"
2020-12-12,"Edmonton","LTC","St. Michael's long-term care centre, Edmonton"
2020-12-12,"Edmonton","LTC","South Terrace Continuing Care, Edmonton"
2020-12-12,"Edmonton","LTC","Venta Care Centre, Edmonton"
2020-12-12,"Edmonton","SLC","Ambrose Place, Edmonton"
2020-12-12,"Edmonton","SLC","Castlewood Care Homes, Edmonton"
2020-12-12,"Edmonton","SLC","Covenant Care Chateau Vitaline, Beaumont"
2020-12-12,"Edmonton","SLC","Chartwell Griesbach, Edmonton"
2020-12-12,"Edmonton","SLC","Chinese Seniors Lodge, Edmonton"
2020-12-12,"Edmonton","SLC","Churchill Retirement Community, Edmonton"
2020-12-12,"Edmonton","SLC","Devonshire Village, Edmonton"
2020-12-12,"Edmonton","SLC","Emmanuel Home, Edmonton"
2020-12-12,"Edmonton","SLC","Good Samaritan Dr. Gerald Zetter Care Centre, Edmonton"
2020-12-12,"Edmonton","SLC","Good Samaritan Spruce Grove Centre"
2020-12-12,"Edmonton","SLC","Greater Edmonton Foundation Seniors Housing Beverly Place"
2020-12-12,"Edmonton","SLC","Greater Edmonton Foundation Seniors Housing Sakaw Terrace"
2020-12-12,"Edmonton","SLC","Laurel Heights Retirement Residence, Edmonton"
2020-12-12,"Edmonton","SLC","Lifestyle Options Riverbend, Edmonton"
2020-12-12,"Edmonton","SLC","Lifestyle Options Terra Losa, Edmonton"
2020-12-12,"Edmonton","SLC","Lifestyle Options Whitemud, Edmonton"
2020-12-12,"Edmonton","SLC","McConachie Gardens Retirement Living"
2020-12-12,"Edmonton","SLC","McDaniel Manor, Edmonton"
2020-12-12,"Edmonton","SLC","Nihgi Mtis Senior Lodge, Edmonton"
2020-12-12,"Edmonton","SLC","Ottewell Place Lodge, Edmonton"
2020-12-12,"Edmonton","SLC","Our Parents' Home, Edmonton"
2020-12-12,"Edmonton","SLC","Paramed Home Health Care Bader Tower, Edmonton"
2020-12-12,"Edmonton","SLC","Pleasantview Place Lodge, Edmonton"
2020-12-12,"Edmonton","SLC","Riverbend Retirement Residences, Edmonton"
2020-12-12,"Edmonton","SLC","Robin Hood Association group home, Sherwood Park"
2020-12-12,"Edmonton","SLC","Shepherd's Care Vanguard, Edmonton"
2020-12-12,"Edmonton","SLC","St. Albert Retirement Residence"
2020-12-12,"Edmonton","SLC","St. Thomas Health Centre, Edmonton"
2020-12-12,"Edmonton","SLC","Summerwood Village Retirement Residence, Sherwood Park"
2020-12-12,"Edmonton","SLC","Unlimited Potential Community Services group home, Edmonton"
2020-12-12,"Edmonton","SLC","Urban Manor Housing Society, Edmonton"
2020-12-12,"Edmonton","SLC","Village at Westmount, Edmonton"
2020-12-12,"Edmonton","SLC","Villa Marguerite, Edmonton"
2020-12-12,"Edmonton","SLC","Virginia Park Lodge, Edmonton"
2020-12-12,"Edmonton","SLC","Winnifred Stewart Association group home, Edmonton"
2020-12-12,"Edmonton","Other","Amazon warehouse, Edmonton"
2020-12-12,"Edmonton","Other","Care Rx Pharmacy distribution centre, Edmonton"
2020-12-12,"Edmonton","Other","Earls Kitchen and Bar (Clareview), Edmonton"
2020-12-12,"Edmonton","Other","Edmonton Convention Centre"
2020-12-12,"Edmonton","Other","Edmonton General Hospital (non-acute care)"
2020-12-12,"Edmonton","Other","Edmonton Institution"
2020-12-12,"Edmonton","Other","Edmonton Institution for Women"
2020-12-12,"Edmonton","Other","Edmonton People in Need Society"
2020-12-12,"Edmonton","Other","Edmonton Remand Centre"
2020-12-12,"Edmonton","Other","Fort Saskatchewan Correctional Centre"
2020-12-12,"Edmonton","Other","Grandin Medical Clinic, St. Albert"
2020-12-12,"Edmonton","Other","Heritage Frozen Foods, Edmonton"
2020-12-12,"Edmonton","Other","Hope Mission, Edmonton"
2020-12-12,"Edmonton","Other","Maple Leaf Poultry, Edmonton"
2020-12-12,"Edmonton","Other","Montessori Play and Learn Centre, Edmonton"
2020-12-12,"Edmonton","Other","Oliver Centre, Edmonton"
2020-12-12,"Edmonton","Other","Quasar Bottle Depot, Edmonton"
2020-12-12,"Edmonton","Other","Stan Daniel Healing Centre, Edmonton"
2020-12-12,"Edmonton","Other","Stepping Stones Kensington Child Development Centre, Edmonton"
2020-12-12,"Edmonton","Other","Western Archrib, Edmonton"
2020-12-12,"Edmonton","Other","Yellowhead Youth Centre - Waterton House, Edmonton"
2020-12-12,"Central","Acute","Drumheller Health Centre"
2020-12-12,"Central","Acute","Ponoka Hospital & Care Centre"
2020-12-12,"Central","Acute","St. Joseph's General Hospital, Vegreville"
2020-12-12,"Central","Acute","St. Mary's Hospital, Camrose"
2020-12-12,"Central","LTC","Covenant Care Villa Marie, Red Deer"
2020-12-12,"Central","SLC","Centennial Centre for Mental Health and Brain Injury, Ponoka"
2020-12-12,"Central","SLC","Clearwater Centre, Rocky Mountain House"
2020-12-12,"Central","SLC","Consort Senior Citizen's Lodge"
2020-12-12,"Central","SLC","Eagle Hill Lodge, Willington"
2020-12-12,"Central","SLC","Hillside Lodge, Two Hills"
2020-12-12,"Central","SLC","Points West Living Heritage House, Vegreville"
2020-12-12,"Central","SLC","Points West Living, Red Deer"
2020-12-12,"Central","SLC","Providence Place Daysland, Daysland"
2020-12-12,"Central","SLC","Revera Aspen Ridge, Red Deer"
2020-12-12,"Central","SLC","Rosealta Lodge, Camrose"
2020-12-12,"Central","SLC","Seasons Camrose"
2020-12-12,"Central","SLC","Shangri La Lodge, Drayton Valley"
2020-12-12,"Central","SLC","The Hamlets of Red Deer"
2020-12-12,"Central","SLC","Vermilion Valley Lodge"
2020-12-12,"Central","SLC","Vialta Lodge, Viking"
2020-12-12,"Central","Other","Olymel, Red Deer"
2020-12-12,"Calgary","Acute","Didsbury Hospital"
2020-12-12,"Calgary","Acute","Foothills Medical Centre, Calgary"
2020-12-12,"Calgary","Acute","Peter Lougheed Centre, Calgary"
2020-12-12,"Calgary","Acute","Rockyview General Hospital, Calgary"
2020-12-12,"Calgary","Acute","South Health Campus, Calgary"
2020-12-12,"Calgary","Acute","Tom Baker Cancer Centre, Calgary"
2020-12-12,"Calgary","LTC","Agecare Glenmore, Calgary"
2020-12-12,"Calgary","LTC","Agecare Sagewood, Strathmore"
2020-12-12,"Calgary","LTC","Agecare Seton, Calgary"
2020-12-12,"Calgary","LTC","Bethany, Calgary"
2020-12-12,"Calgary","LTC","Bethany Riverview, Calgary"
2020-12-12,"Calgary","LTC","Bow View Manor, Calgary"
2020-12-12,"Calgary","LTC","Cambridge Manor, Calgary"
2020-12-12,"Calgary","LTC","Carewest Colonel Belcher, Calgary"
2020-12-12,"Calgary","LTC","Carewest Garrison Green, Calgary"
2020-12-12,"Calgary","LTC","Carewest Signal Pointe, Calgary"
2020-12-12,"Calgary","LTC","Dr. Vernon Fanning Centre, Calgary"
2020-12-12,"Calgary","LTC","Generations Calgary"
2020-12-12,"Calgary","LTC","Intercare Southwood, Calgary"
2020-12-12,"Calgary","LTC","The Manor Village Varsity, Calgary"
2020-12-12,"Calgary","LTC","Revera Bow-Crest, Calgary"
2020-12-12,"Calgary","LTC","Revera Mount Royal Long Term Care Home, Calgary"
2020-12-12,"Calgary","LTC","Wentworth Manor (The Residence), Calgary"
2020-12-12,"Calgary","LTC","Wing Kei Care Centre, Calgary"
2020-12-12,"Calgary","SLC","Academy of Aging, Calgary"
2020-12-12,"Calgary","SLC","Agecare Skypointe, Calgary"
2020-12-12,"Calgary","SLC","Agecare Walden Heights, Calgary"
2020-12-12,"Calgary","SLC","Amica Aspen Woods, Calgary"
2020-12-12,"Calgary","SLC","Amica Britannia, Calgary"
2020-12-12,"Calgary","SLC","Auburn Heights Retirement Residence, Calgary"
2020-12-12,"Calgary","SLC","Carewest George Boyack, Calgary"
2020-12-12,"Calgary","SLC","Carewest Glenmore Park, Calgary"
2020-12-12,"Calgary","SLC","Carewest Rouleau Manor, Calgary"
2020-12-12,"Calgary","SLC","Chartwell Harbour Retirement Home, Calgary"
2020-12-12,"Calgary","SLC","Clifton Manor, Calgary"
2020-12-12,"Calgary","SLC","Covenant Care St. Teresa Place, Calgary"
2020-12-12,"Calgary","SLC","Dulcina Hospice Calgary"
2020-12-12,"Calgary","SLC","Extendicare Cedars Villa, Calgary"
2020-12-12,"Calgary","SLC","Graduated Supports, Calgary"
2020-12-12,"Calgary","SLC","Inclusio, Calgary"
2020-12-12,"Calgary","SLC","Luxstone Manor, Airdrie"
2020-12-12,"Calgary","SLC","Monterey Seniors Village, Calgary"
2020-12-12,"Calgary","SLC","Sage Hill Retirement Residence, Calgary"
2020-12-12,"Calgary","SLC","Simon House Recovery Centre, Calgary"
2020-12-12,"Calgary","SLC","Spruce Lodge, Calgary"
2020-12-12,"Calgary","SLC","St. Marguerite Manor, Calgary"
2020-12-12,"Calgary","SLC","Staywell Manor, Calgary"
2020-12-12,"Calgary","SLC","Supported Lifestyles Group Home, Calgary"
2020-12-12,"Calgary","SLC","The Hamlets at Cedarwood Station, Airdrie"
2020-12-12,"Calgary","SLC","The Journey Club, Calgary"
2020-12-12,"Calgary","SLC","The Manor at Fish Creek Park, Calgary"
2020-12-12,"Calgary","SLC","United Active Living at Fish Creek, Calgary"
2020-12-12,"Calgary","SLC","Vecova Huntertown, Calgary"
2020-12-12,"Calgary","SLC","Wood's Homes Phoenix, Calgary"
2020-12-12,"Calgary","Other","Amazon warehouse, Rocky View County"
2020-12-12,"Calgary","Other","Calgary Alpha House, detox program"
2020-12-12,"Calgary","Other","Calgary Drop-In Centre"
2020-12-12,"Calgary","Other","Calgary Remand Centre"
2020-12-12,"Calgary","Other","Cargill Case Ready, Calgary"
2020-12-12,"Calgary","Other","Centennial Foodservice, Calgary"
2020-12-12,"Calgary","Other","Fairmont Banff Springs Hotel"
2020-12-12,"Calgary","Other","Harmony Beef, Rocky View County"
2020-12-12,"Calgary","Other","Italian Centre Shop, Calgary"
2020-12-12,"Calgary","Other","Lilydale Sofina Foods, Calgary"
2020-12-12,"Calgary","Other","Little Angels Daycare, Airdrie"
2020-12-12,"Calgary","Other","Mountain Munchkin Daycare, Canmore"
2020-12-12,"Calgary","Other","Lake Louise Ski Area"
2020-12-12,"Calgary","Other","Provision Analytics Inc., Calgary"
2020-12-12,"Calgary","Other","Sheldon M. Chumir iOAT program, Calgary"
2020-12-12,"Calgary","Other","Sport cohorts (2), Calgary"
2020-12-12,"Calgary","Other","Walmart Logistics, Calgary"
2020-12-12,"South","Acute","Medicine Hat Regional Hospital"
2020-12-12,"South","LTC","Edith Cavell Care Centre, Lethbridge"
2020-12-12,"South","SLC","Agecare Sunrise Gardens, Brooks"
2020-12-12,"South","SLC","Cardston Support Services"
2020-12-12,"South","SLC","Good Samaritan Park Meadows Village,Lethbridge"
2020-12-12,"South","SLC","Good Samaritan West Highlands Centre, Lethbridge"
2020-12-12,"South","SLC","Newbrook Lodge, Brooks"
2020-12-12,"South","SLC","South Country Village, Medicine Hat"
2020-12-12,"South","SLC","Whispering Winds Village, Pincher Creek"
2020-12-12,"South","Other","Element Technical Services, Medicine Hat"
2020-12-12,"South","Other","House of Cars, Lethbridge"
2020-12-12,"South","Other","Lethbridge Alpha House"
2020-12-12,"South","Other","Moduline Industries, Medicine Hat"
2020-12-12,"South","Other","Private gatherings (2), Lethbridge"
2020-12-12,"South","Other","Redcliff Legion"
