"DATE","ZONE","GOA_TYPE","LOCATION"
2020-10-06,"North","SLC","Heimstaed Seniors Lodge, La Crete"
2020-10-06,"North","SLC","Prairie Lakes Senior Facility, Grande Prairie"
2020-10-06,"North","Other","CNRL Albian, Fort Mackay"
2020-10-06,"North","Other","Family gatherings, La Crete"
2020-10-06,"North","Other","Private gathering, Bonnyville"
2020-10-06,"North","Other","Private gathering, Manning"
2020-10-06,"North","Other","Suncor base plant, Fort McMurray"
2020-10-06,"North","Other","Syncrude Mildred Lake site, Fort McMurray"
2020-10-06,"Edmonton","Acute","Royal Alexandra Hospital, Edmonton"
2020-10-06,"Edmonton","LTC","Extendicare Eaux Claires, Edmonton"
2020-10-06,"Edmonton","LTC","Good Samaritan, Southgate Care Centre, Edmonton"
2020-10-06,"Edmonton","LTC","Miller Crossing Care Centre, Edmonton"
2020-10-06,"Edmonton","LTC","Millwoods Shepherd's Care Centre, Edmonton"
2020-10-06,"Edmonton","LTC","Touchmark at Wedgewood, Edmonton"
2020-10-06,"Edmonton","SLC","Balwin Villa, Edmonton"
2020-10-06,"Edmonton","SLC","Lewis Estates Retirement Residence, Edmonton"
2020-10-06,"Edmonton","SLC","Lifestyle Options Terra Losa, Edmonton"
2020-10-06,"Edmonton","SLC","Robin Hood Association (2 locations), Sherwood Park"
2020-10-06,"Edmonton","SLC","Salvation Army Grace Manor, Edmonton"
2020-10-06,"Edmonton","Other","Canadian Mat Systems, Edmonton"
2020-10-06,"Edmonton","Other","Capital Fine Meats, Edmonton"
2020-10-06,"Edmonton","Other","CCI Manufacturing, Edmonton"
2020-10-06,"Edmonton","Other","Edmonton Remand Centre"
2020-10-06,"Edmonton","Other","Hope Mission, Edmonton"
2020-10-06,"Edmonton","Other","Loomis Express, Edmonton"
2020-10-06,"Edmonton","Other","Portuguese Canadian Bakery, Edmonton"
2020-10-06,"Edmonton","Other","Production World, Edmonton"
2020-10-06,"Edmonton","Other","Recochem Inc., Nisku"
2020-10-06,"Edmonton","Other","St. Joseph's College dormitory, University of Alberta, Edmonton"
2020-10-06,"Edmonton","Other","Straightline Chrysler Dodge Ram dealership, Fort Saskatchewan"
2020-10-06,"Edmonton","Other","Hello Fresh warehouse, Edmonton"
2020-10-06,"Edmonton","Other","Walmart Supercentre (Clareview location), Edmonton"
2020-10-06,"Edmonton","Other","WIN House, Edmonton"
2020-10-06,"Calgary","Acute","Foothills Medical Centre, Calgary"
2020-10-06,"Calgary","LTC","Cambridge Manor, Calgary"
2020-10-06,"Calgary","LTC","Intercare Brentwood, Calgary"
2020-10-06,"Calgary","SLC","Aspen Lodge, MCF Housing, Calgary"
2020-10-06,"Calgary","SLC","Bethany, Calgary"
2020-10-06,"Calgary","SLC","Wentworth Manor, The Residence, Calgary"
2020-10-06,"Calgary","Other","Amazon warehouse, Rocky View County"
2020-10-06,"Calgary","Other","Calgary Drop-in and Rehab Centre"
2020-10-06,"Calgary","Other","Calgary Kidanemhret Ethiopian Orthodox Tewahdo Church"
2020-10-06,"Calgary","Other","Calgary Remand Centre"
2020-10-06,"Calgary","Other","Freeport Distribution Centre (Loblaws), Calgary"
2020-10-06,"Calgary","Other","Harmony Beef, Calgary"
2020-10-06,"Calgary","Other","TC Energy, Crossfield"
2020-10-06,"Calgary","Other","Worldpac, Aero Dr., Calgary"
2020-10-06,"South","Other","Methanex Corporation, Medicine Hat"
