"DATE","ZONE","GOA_TYPE","LOCATION"
2021-02-17,"North","Acute","Athabasca Healthcare Centre"
2021-02-17,"North","Acute","Boyle Healthcare Centre"
2021-02-17,"North","Acute","Queen Elizabeth II Hospital, Grande Prairie"
2021-02-17,"North","Acute","William J. Cadzow  Lac La Biche Healthcare Centre"
2021-02-17,"North","LTC","Extendicare Bonnyville"
2021-02-17,"North","LTC","Extendicare Mayerthorpe"
2021-02-17,"North","LTC","Grande Prairie Care Centre"
2021-02-17,"North","LTC","William J. Cadzow - Lac La Biche Healthcare Centre, Auxiliary"
2021-02-17,"North","SLC","Bar-V-Nook Manor, Smoky Lake"
2021-02-17,"North","SLC","Heritage Lodge, Grande Prairie"
2021-02-17,"North","SLC","Keekenow Senior Facility, Wabasca"
2021-02-17,"North","SLC","Points West Living, Peace River"
2021-02-17,"North","SLC","Prairie Lake Supportive Living, Grande Prairie"
2021-02-17,"North","SLC","Signature Support Services, Grande Prairie"
2021-02-17,"North","SLC","Stone Brook Lodge, Grimshaw"
2021-02-17,"North","Other","Cenovus Foster Creek, Cold Lake"
2021-02-17,"North","Other","CNRL Albian, Regional Municipality of Wood Buffalo"
2021-02-17,"North","Other","CNRL Horizon, Regional Municipality of Wood Buffalo"
2021-02-17,"North","Other","Edson Continuing Care Centre"
2021-02-17,"North","Other","Imperial Oil, Cold Lake"
2021-02-17,"North","Other","Lakeland Out of the Elements Shelter, Lac La Biche"
2021-02-17,"North","Other","Legacy Childcare, Slave Lake"
2021-02-17,"North","Other","Kearl Lake work site, Fort Mckay"
2021-02-17,"North","Other","Knowledge Tree Childcare Centre, Valleyview"
2021-02-17,"North","Other","McCullough Centre, Gunn"
2021-02-17,"North","Other","Millar Western Forest Products, Whitecourt"
2021-02-17,"North","Other","North American Construction Group, Fort McMurray"
2021-02-17,"North","Other","Ovintiv Canada Pipestone, Wembley"
2021-02-17,"North","Other","Peace River Correctional Centre"
2021-02-17,"North","Other","Private group home, Grande Prairie"
2021-02-17,"North","Other","Rotary House, Grande Prairie"
2021-02-17,"North","Other","Shell Gold Creek, Grande Prairie"
2021-02-17,"North","Other","Sugarplum Tree Daycare, Peace River"
2021-02-17,"North","Other","Suncor base plant, Regional Municipality of Wood Buffalo"
2021-02-17,"North","Other","Suncor Fort Hills, Regional Municipality of Wood Buffalo"
2021-02-17,"North","Other","Syncrude Aurora, Regional Municipality of Wood Buffalo"
2021-02-17,"North","Other","Syncrude Mildred Lake site, Regional Municipality of Wood Buffalo"
2021-02-17,"North","Other","Tolko Industries, High Level"
2021-02-17,"North","Other","Walmart, Grande Prairie"
2021-02-17,"North","Other","YMCA Eagle Ridge child care, Fort McMurray"
2021-02-17,"Edmonton","Acute","Fort Saskatchewan Community Hospital"
2021-02-17,"Edmonton","Acute","Leduc Community Hospital"
2021-02-17,"Edmonton","Acute","Royal Alexandra Hospital, Edmonton"
2021-02-17,"Edmonton","Acute","University of Alberta Hospital, Edmonton"
2021-02-17,"Edmonton","LTC","Aspen House, Morinville"
2021-02-17,"Edmonton","LTC","Benevolence Care Centre, Edmonton"
2021-02-17,"Edmonton","LTC","Capital Care Lynnwood, Edmonton"
2021-02-17,"Edmonton","LTC","Capital Care Norwood, Edmonton"
2021-02-17,"Edmonton","LTC","Capital Care Strathcona, Sherwood Park"
2021-02-17,"Edmonton","LTC","Covenant Health St. Josephs, Edmonton"
2021-02-17,"Edmonton","LTC","Covenant Health Youville Home, St. Albert"
2021-02-17,"Edmonton","LTC","Devonshire Care Centre, Edmonton"
2021-02-17,"Edmonton","LTC","Extendicare Eaux Claires, Edmonton"
2021-02-17,"Edmonton","LTC","Extendicare Leduc"
2021-02-17,"Edmonton","LTC","Good Samaritan Southgate, Edmonton"
2021-02-17,"Edmonton","LTC","Grand Manor, Edmonton"
2021-02-17,"Edmonton","LTC","Jasper Place Continuing Care Centre, Edmonton"
2021-02-17,"Edmonton","LTC","Jubilee Lodge Nursing Home, Edmonton"
2021-02-17,"Edmonton","LTC","Laurier House Lynnwood, Edmonton"
2021-02-17,"Edmonton","LTC","Mactaggart Place Retirement Residence, Edmonton"
2021-02-17,"Edmonton","LTC","Miller Crossing Care Centre, Edmonton"
2021-02-17,"Edmonton","LTC","Rivercrest Care Centre, Fort Saskatchewan"
2021-02-17,"Edmonton","LTC","Shepherds Care Eden House, Edmonton"
2021-02-17,"Edmonton","LTC","Shepherds Care Kensington, Edmonton"
2021-02-17,"Edmonton","LTC","South Terrace Continuing Care, Edmonton"
2021-02-17,"Edmonton","SLC","Ambrose Place, Edmonton"
2021-02-17,"Edmonton","SLC","Chartwell Heritage Valley, Edmonton"
2021-02-17,"Edmonton","SLC","Crystal Lily Homes, Edmonton"
2021-02-17,"Edmonton","SLC","Devonshire Village, Edmonton"
2021-02-17,"Edmonton","SLC","Emmanuel Home, Edmonton"
2021-02-17,"Edmonton","SLC","Garneau Hall, Edmonton"
2021-02-17,"Edmonton","SLC","Good Samaritan Dr. Gerald Zetter Care Centre, Edmonton"
2021-02-17,"Edmonton","SLC","Greater Edmonton Foundation Seniors Housing Meadowlark Place Lodge"
2021-02-17,"Edmonton","SLC","Laurel Heights Retirement Residence, Edmonton"
2021-02-17,"Edmonton","SLC","Lewis Estates Retirement Residence, Edmonton"
2021-02-17,"Edmonton","SLC","Lifestyle Options Terra Losa, Edmonton"
2021-02-17,"Edmonton","SLC","LoSeCa Foundation Beverly, Edmonton"
2021-02-17,"Edmonton","SLC","McMan group home, Edmonton"
2021-02-17,"Edmonton","SLC","Private group homes (2), Edmonton"
2021-02-17,"Edmonton","SLC","Shepherds Care Vanguard, Edmonton"
2021-02-17,"Edmonton","SLC","Sprucewood Place, Edmonton"
2021-02-17,"Edmonton","SLC","St. Thomas Health Centre, Edmonton"
2021-02-17,"Edmonton","SLC","Summerwood Village Retirement Residence, Sherwood Park"
2021-02-17,"Edmonton","SLC","Touchmark Wedgewood Assisted Living, Edmonton"
2021-02-17,"Edmonton","SLC","Unlimited Potential Community Services group home, Edmonton"
2021-02-17,"Edmonton","SLC","Villa Marguerite, Edmonton"
2021-02-17,"Edmonton","Other","Amazon warehouse, Edmonton"
2021-02-17,"Edmonton","Other","Bird Construction, Edmonton"
2021-02-17,"Edmonton","Other","Bunzi Canada, Edmonton"
2021-02-17,"Edmonton","Other","Children of the World Daycare, Edmonton"
2021-02-17,"Edmonton","Other","Edmonton Convention Centre"
2021-02-17,"Edmonton","Other","Edmonton Institution"
2021-02-17,"Edmonton","Other","Edmonton Remand Centre"
2021-02-17,"Edmonton","Other","Fort Saskatchewan Correctional Centre"
2021-02-17,"Edmonton","Other","Gemini Machineworks Inc., Nisku"
2021-02-17,"Edmonton","Other","Heartland Petrochemical Complex, Fort Saskatchewan"
2021-02-17,"Edmonton","Other","Lilydale Sofina Foods, Edmonton"
2021-02-17,"Edmonton","Other","Logican Technologies, Edmonton"
2021-02-17,"Edmonton","Other","Michener Allen Auctioneering Ltd., Acheson"
2021-02-17,"Edmonton","Other","Sofina Foods Inc., Edmonton"
2021-02-17,"Edmonton","Other","Stepping Stones Kensington Child Development Centre, Edmonton"
2021-02-17,"Edmonton","Other","Tipaskin Educational Daycare and Out of School Care, Edmonton"
2021-02-17,"Edmonton","Other","Tot Spot Academy, St. Albert"
2021-02-17,"Edmonton","Other","Walmart St. Albert"
2021-02-17,"Edmonton","Other","Walmart Tamarack, Edmonton"
2021-02-17,"Edmonton","Other","Weir Oil & Gas, Edmonton"
2021-02-17,"Edmonton","Other","YMCA William Lutsky child care, Edmonton"
2021-02-17,"Central","Acute","Red Deer Regional Hospital Centre"
2021-02-17,"Central","LTC","Bethany Meadows, Camrose"
2021-02-17,"Central","LTC","Vermilion Health Centre"
2021-02-17,"Central","SLC","Doreen Johnson House, Wetaskiwin"
2021-02-17,"Central","SLC","Drumheller Institution"
2021-02-17,"Central","SLC","Extendicare Michener Hill, Red Deer"
2021-02-17,"Central","SLC","Good Samaritan Rocky Mountain House"
2021-02-17,"Central","SLC","Parkland group home, Red Deer"
2021-02-17,"Central","SLC","Private group homes (2), Red Deer"
2021-02-17,"Central","SLC","Providence Place Daysland, Daysland"
2021-02-17,"Central","SLC","Seasons Camrose"
2021-02-17,"Central","SLC","Sunset Manor, Innisfail"
2021-02-17,"Central","Other","College Heights Seventh Day Adventist Church, Lacombe"
2021-02-17,"Central","Other","Love, Fun & Learning Day Home, Red Deer"
2021-02-17,"Central","Other","Olymel, Red Deer"
2021-02-17,"Central","Other","Red Deer Remand Centre"
2021-02-17,"Central","Other","Walmart (south location), Red Deer"
2021-02-17,"Calgary","Acute","Canmore General Hospital"
2021-02-17,"Calgary","Acute","Didsbury Hospital"
2021-02-17,"Calgary","Acute","Foothills Medical Centre, Calgary"
2021-02-17,"Calgary","Acute","Peter Lougheed Centre, Calgary"
2021-02-17,"Calgary","Acute","Strathmore Hospital"
2021-02-17,"Calgary","LTC","Agecare Glenmore, Calgary"
2021-02-17,"Calgary","LTC","Bethany, Airdrie"
2021-02-17,"Calgary","LTC","Bethany, Calgary"
2021-02-17,"Calgary","LTC","Bethany, Didsbury"
2021-02-17,"Calgary","LTC","Bethany Harvest Hills, Calgary"
2021-02-17,"Calgary","LTC","Bethany Riverview, Calgary"
2021-02-17,"Calgary","LTC","Carewest Colonel Belcher, Calgary"
2021-02-17,"Calgary","LTC","Carewest Royal Park, Calgary"
2021-02-17,"Calgary","LTC","Dr. Vernon Fanning Centre, Calgary"
2021-02-17,"Calgary","LTC","Glamorgan Care Centre, Calgary"
2021-02-17,"Calgary","LTC","Intercare Brentwood, Calgary"
2021-02-17,"Calgary","LTC","Intercare Chinook, Calgary"
2021-02-17,"Calgary","LTC","Intercare Southwood, Calgary"
2021-02-17,"Calgary","LTC","Prince of Peace The Harbour, Calgary"
2021-02-17,"Calgary","LTC","Providence Care Centre, Calgary"
2021-02-17,"Calgary","SLC","Academy of Aging, Calgary"
2021-02-17,"Calgary","SLC","Agecare Sagewood, Strathmore"
2021-02-17,"Calgary","SLC","Agecare Skypointe, Calgary"
2021-02-17,"Calgary","SLC","Agecare Walden Heights, Calgary"
2021-02-17,"Calgary","SLC","Beaver Dam Lodge, Calgary"
2021-02-17,"Calgary","SLC","Boardwalk Retirement Community, Calgary"
2021-02-17,"Calgary","SLC","Carewest George Boyack, Calgary"
2021-02-17,"Calgary","SLC","Carewest Glenmore Park, Calgary"
2021-02-17,"Calgary","SLC","Chartwell Eau Claire Retirement Residence, Calgary"
2021-02-17,"Calgary","SLC","Father Lacombe Nursing Home, Calgary"
2021-02-17,"Calgary","SLC","McKenzie Town Retirement Residence, Calgary"
2021-02-17,"Calgary","SLC","Prince of Peace Manor, Calgary"
2021-02-17,"Calgary","SLC","Private group home, Calgary"
2021-02-17,"Calgary","SLC","Revera Edgemont, Calgary"
2021-02-17,"Calgary","SLC","Revera Scenic Acres, Calgary"
2021-02-17,"Calgary","SLC","Silvera for Seniors Aspen Lodge, Calgary"
2021-02-17,"Calgary","SLC","Silvera Valleyview Lodge, Calgary"
2021-02-17,"Calgary","SLC","Southwood Hospice, Calgary"
2021-02-17,"Calgary","SLC","St. Marguerite Manor, Calgary"
2021-02-17,"Calgary","SLC","Strafford Foundation Tudor Manor, Okotoks"
2021-02-17,"Calgary","SLC","Swan Evergreen Village, Calgary"
2021-02-17,"Calgary","SLC","United Active Living Garrison Green, Calgary"
2021-02-17,"Calgary","SLC","Woods Homes, Calgary"
2021-02-17,"Calgary","Other","AAA Doors, Calgary"
2021-02-17,"Calgary","Other","Amazon sort centre, Balzac"
2021-02-17,"Calgary","Other","Amazon warehouse, Rocky View County"
2021-02-17,"Calgary","Other","ATS Healthcare, Calgary"
2021-02-17,"Calgary","Other","Calgary Alpha House"
2021-02-17,"Calgary","Other","Calgary Dream Centre"
2021-02-17,"Calgary","Other","Calgary Drop-In Centre"
2021-02-17,"Calgary","Other","Calgary Remand Centre"
2021-02-17,"Calgary","Other","Cargill Case Ready, Calgary"
2021-02-17,"Calgary","Other","Cargill Foods, High River"
2021-02-17,"Calgary","Other","Crestview Electric, Calgary"
2021-02-17,"Calgary","Other","DCL Construction Services Ltd., Calgary"
2021-02-17,"Calgary","Other","Dexterra group, Balzac"
2021-02-17,"Calgary","Other","Dominion Construction worksite, Calgary"
2021-02-17,"Calgary","Other","Dynamic Furniture Corp., Calgary"
2021-02-17,"Calgary","Other","ECCO Manufacturing, Calgary"
2021-02-17,"Calgary","Other","Engineered Air, Calgary"
2021-02-17,"Calgary","Other","Enterprise Rent-a-Car  Calgary Airport"
2021-02-17,"Calgary","Other","Fresh Taste Produce, Calgary"
2021-02-17,"Calgary","Other","Harmony Beef, Rocky View County"
2021-02-17,"Calgary","Other","Highline Mushrooms, Crossfield"
2021-02-17,"Calgary","Other","Kids & Company Smart Tech, Calgary"
2021-02-17,"Calgary","Other","Lilydale Sofina Foods, Calgary"
2021-02-17,"Calgary","Other","Little Worlds Learning Centre, Calgary"
2021-02-17,"Calgary","Other","Mahogany Learning Centre, Calgary"
2021-02-17,"Calgary","Other","Nakiska Ski Lodge"
2021-02-17,"Calgary","Other","Nutrien, Carseland"
2021-02-17,"Calgary","Other","Real Canadian Superstore (15915 Macleod Trail SE), Calgary"
2021-02-17,"Calgary","Other","Saputo Dairy Products, Calgary"
2021-02-17,"Calgary","Other","The Mustard Seed Foothills Shelter, Calgary"
2021-02-17,"Calgary","Other","Walmart Deerfoot City, Calgary"
2021-02-17,"Calgary","Other","Walmart Logistics, Balzac"
2021-02-17,"Calgary","Other","Walmart Logistics, Rocky View County"
2021-02-17,"Calgary","Other","Walmart McKenzie. Calgary"
2021-02-17,"Calgary","Other","Wildwood Cabinets, Calgary"
2021-02-17,"South","Acute","Medicine Hat Regional Hospital"
2021-02-17,"South","LTC","The Valleyview, Medicine Hat"
2021-02-17,"South","SLC","Meadowlands, Medicine Hat"
2021-02-17,"South","SLC","The View at Lethbridge"
2021-02-17,"South","Other","Haul All Equipment, Lethbridge"
2021-02-17,"South","Other","Lethbridge Alpha House"
2021-02-17,"South","Other","Streets Alive Mission, Lethbridge"
