"DATE","ZONE","GOA_TYPE","LOCATION"
2020-07-20,"North","Other","Family gatherings, La Crete"
2020-07-20,"Edmonton","Acute","Misericordia Community Hospital, Edmonton"
2020-07-20,"Edmonton","SLC","Shepherd's Care Greenfield, Edmonton"
2020-07-20,"Calgary","Acute","Peter Lougheed Centre, Calgary"
2020-07-20,"Calgary","LTC","Carewest Garrison Green, Calgary"
2020-07-20,"Calgary","LTC","Father Lacombe Nursing Home, Calgary"
2020-07-20,"Calgary","LTC","Generations Calgary"
2020-07-20,"Calgary","SLC","Trinity Lodge Retirement Residence, Calgary"
2020-07-20,"Calgary","Other","Cactus Club, Stephen Avenue, Calgary"
2020-07-20,"Calgary","Other","FGL Sports Warehouse, Calgary"
2020-07-20,"Calgary","Other","Fire N Ice Lounge, Calgary"
2020-07-20,"Calgary","Other","High rise apartment building, Calgary"
2020-07-20,"Calgary","Other","Private gathering, Calgary"
2020-07-20,"Calgary","Other","Ride Cycle, Calgary"
2020-07-20,"South","SLC","South Country Village, Medicine Hat"
2020-07-20,"South","Other","Friesen Livestock Ltd, Medicine Hat"
