"DATE","ZONE","GOA_TYPE","LOCATION"
2021-01-23,"North","Acute","George McDougall - Smoky Lake Healthcare Centre"
2021-01-23,"North","Acute","High Prairie Health Complex"
2021-01-23,"North","Acute","Mayerthorpe Healthcare Centre"
2021-01-23,"North","Acute","Queen Elizabeth II Hospital, Grande Prairie"
2021-01-23,"North","Acute","St. Therese - St. Paul Healthcare Centre"
2021-01-23,"North","Acute","William J. Cadzow - Lac La Biche Healthcare Centre"
2021-01-23,"North","LTC","Extendicare Bonnyville"
2021-01-23,"North","LTC","Extendicare Mayerthorpe"
2021-01-23,"North","LTC","Grande Prairie Care Centre"
2021-01-23,"North","LTC","Westlock Continuing Care Centre"
2021-01-23,"North","LTC","William J. Cadzow - Lac La Biche Healthcare Centre, Auxiliary"
2021-01-23,"North","SLC","Bar-V-Nook Manor, Smoky Lake"
2021-01-23,"North","SLC","Prairie Lake Supportive Living, Grande Prairie"
2021-01-23,"North","SLC","Sunnyside Manor, St. Paul"
2021-01-23,"North","Other","Anzac Lodge"
2021-01-23,"North","Other","Cenovus Christina Lake, Conklin"
2021-01-23,"North","Other","Cenovus Foster Creek, Cold Lake"
2021-01-23,"North","Other","CNRL Albian, Regional Municipality of Wood Buffalo"
2021-01-23,"North","Other","CNRL Horizon, Regional Municipality of Wood Buffalo"
2021-01-23,"North","Other","Dr. Margaret Savage Crisis Centre, Cold Lake"
2021-01-23,"North","Other","Edson Continuing Care Centre"
2021-01-23,"North","Other","Imperial Oil, Cold Lake"
2021-01-23,"North","Other","Lakeland Out of the Elements Shelter, Lac La Biche"
2021-01-23,"North","Other","Kearl Lake work site, Fort Mckay"
2021-01-23,"North","Other","McCullough Centre, Gunn"
2021-01-23,"North","Other","Peace River Correctional Centre"
2021-01-23,"North","Other","Sugarplum Tree Daycare, Peace River"
2021-01-23,"North","Other","Suncor base plant, Regional Municipality of Wood Buffalo"
2021-01-23,"North","Other","Suncor Fort Hills, Regional Municipality of Wood Buffalo"
2021-01-23,"North","Other","Syncrude Aurora, Regional Municipality of Wood Buffalo"
2021-01-23,"North","Other","Syncrude Mildred Lake site, Regional Municipality of Wood Buffalo"
2021-01-23,"Edmonton","Acute","Cross Cancer Institute, Edmonton"
2021-01-23,"Edmonton","Acute","Fort Saskatchewan Community Hospital"
2021-01-23,"Edmonton","Acute","Glenrose Rehabilitation Hospital, Edmonton"
2021-01-23,"Edmonton","Acute","Grey Nuns Community Hospital, Edmonton"
2021-01-23,"Edmonton","Acute","Leduc Community Hospital"
2021-01-23,"Edmonton","Acute","Misericordia Community Hospital, Edmonton"
2021-01-23,"Edmonton","Acute","Royal Alexandra Hospital, Edmonton"
2021-01-23,"Edmonton","Acute","Sturgeon Community Hospital, St. Albert"
2021-01-23,"Edmonton","Acute","University of Alberta Hospital, Edmonton"
2021-01-23,"Edmonton","Acute","Villa Caritas, Edmonton"
2021-01-23,"Edmonton","LTC","Allen Gray Continuing Care Centre, Edmonton"
2021-01-23,"Edmonton","LTC","Aspen House, Morinville"
2021-01-23,"Edmonton","LTC","Benevolence Care Centre, Edmonton"
2021-01-23,"Edmonton","LTC","Capital Care Grandview, Edmonton"
2021-01-23,"Edmonton","LTC","Capital Care Lynnwood, Edmonton"
2021-01-23,"Edmonton","LTC","Capital Care Norwood, Edmonton"
2021-01-23,"Edmonton","LTC","Capital Care Strathcona, Sherwood Park"
2021-01-23,"Edmonton","LTC","Citadel Care Centre, St. Albert"
2021-01-23,"Edmonton","LTC","Covenant Health St. Joseph's, Edmonton"
2021-01-23,"Edmonton","LTC","Covenant Health Youville Home, St. Albert"
2021-01-23,"Edmonton","LTC","Devonshire Care Centre, Edmonton"
2021-01-23,"Edmonton","LTC","Good Samaritan Stony Plain Care Centre"
2021-01-23,"Edmonton","LTC","Grand Manor, Edmonton"
2021-01-23,"Edmonton","LTC","Hardisty Care Centre, Edmonton"
2021-01-23,"Edmonton","LTC","Jasper Place Continuing Care Centre, Edmonton"
2021-01-23,"Edmonton","LTC","Jubilee Lodge Nursing Home, Edmonton"
2021-01-23,"Edmonton","LTC","Laurier House Lynnwood, Edmonton"
2021-01-23,"Edmonton","LTC","Lifestyle Options Schonsee, Edmonton"
2021-01-23,"Edmonton","LTC","Mactaggart Place Retirement Residence, Edmonton"
2021-01-23,"Edmonton","LTC","Miller Crossing Care Centre, Edmonton"
2021-01-23,"Edmonton","LTC","Millwoods Manor, Edmonton"
2021-01-23,"Edmonton","LTC","Millwoods Shepherd's Care Centre, Edmonton"
2021-01-23,"Edmonton","LTC","Rivercrest Care Centre, Fort Saskatchewan"
2021-01-23,"Edmonton","LTC","Salem Manor, Leduc"
2021-01-23,"Edmonton","LTC","Shepherd's Care Eden House, Edmonton"
2021-01-23,"Edmonton","LTC","St. Michael's long-term care centre, Edmonton"
2021-01-23,"Edmonton","LTC","Southside Manor, Edmonton"
2021-01-23,"Edmonton","LTC","Venta Care Centre, Edmonton"
2021-01-23,"Edmonton","SLC","Ambrose Place, Edmonton"
2021-01-23,"Edmonton","SLC","Capital Care McConnell Place North, Edmonton"
2021-01-23,"Edmonton","SLC","Catholic Social Services St. Andre, Edmonton"
2021-01-23,"Edmonton","SLC","Catholic Social Services Tabitha Place, Edmonton"
2021-01-23,"Edmonton","SLC","Chartwell Emerald Hills Retirement Residence, Sherwood Park"
2021-01-23,"Edmonton","SLC","Chartwell Hawthorne, Edmonton"
2021-01-23,"Edmonton","SLC","Chartwell Heritage Valley, Edmonton"
2021-01-23,"Edmonton","SLC","Covenant Care Chateau Vitaline, Beaumont"
2021-01-23,"Edmonton","SLC","Devonshire Village, Edmonton"
2021-01-23,"Edmonton","SLC","Emmanuel Home, Edmonton"
2021-01-23,"Edmonton","SLC","Excel Society Balwin Villas, Edmonton"
2021-01-23,"Edmonton","SLC","Excel Society group home, Edmonton"
2021-01-23,"Edmonton","SLC","Garneau Hall, Edmonton"
2021-01-23,"Edmonton","SLC","Glastonbury Mews Retirement Home, Edmonton"
2021-01-23,"Edmonton","SLC","Good Samaritan Dr. Gerald Zetter Care Centre, Edmonton"
2021-01-23,"Edmonton","SLC","Good Samaritan George Henning Place, Stony Plain"
2021-01-23,"Edmonton","SLC","Good Samaritan group home, Edmonton"
2021-01-23,"Edmonton","SLC","Good Samaritan Millwoods Centre, Edmonton"
2021-01-23,"Edmonton","SLC","Good Samaritan Wedman House, Edmonton"
2021-01-23,"Edmonton","SLC","Greater Edmonton Foundation Seniors Housing Beverly Place"
2021-01-23,"Edmonton","SLC","Greater Edmonton Foundation Seniors Housing Meadowlark Place Lodge"
2021-01-23,"Edmonton","SLC","Kiwanis Place Lodge, Edmonton"
2021-01-23,"Edmonton","SLC","Laurel Heights Retirement Residence, Edmonton"
2021-01-23,"Edmonton","SLC","Lifestyle Options Terra Losa, Edmonton"
2021-01-23,"Edmonton","SLC","Lifestyle Options Whitemud, Edmonton"
2021-01-23,"Edmonton","SLC","LoSeCa Foundation Beverly, Edmonton"
2021-01-23,"Edmonton","SLC","McConachie Gardens Retirement Living, Edmonton"
2021-01-23,"Edmonton","SLC","McMan Youth, Family and Community Services, Condor Lodge, Edmonton"
2021-01-23,"Edmonton","SLC","New Delton Community Home, Edmonton"
2021-01-23,"Edmonton","SLC","Private group homes (3), Edmonton"
2021-01-23,"Edmonton","SLC","Providence Centre, Edmonton"
2021-01-23,"Edmonton","SLC","Robin Hood Association residences (4), Sherwood Park"
2021-01-23,"Edmonton","SLC","Rosedale Estates, Edmonton"
2021-01-23,"Edmonton","SLC","Rosslyn Place Lodge, Edmonton"
2021-01-23,"Edmonton","SLC","Shepherd's Care Vanguard, Edmonton"
2021-01-23,"Edmonton","SLC","Sprucewood Place, Edmonton"
2021-01-23,"Edmonton","SLC","St. Thomas Health Centre, Edmonton"
2021-01-23,"Edmonton","SLC","Summerwood Village Retirement Residence, Sherwood Park"
2021-01-23,"Edmonton","SLC","Touchmark Wedgewood Assisted Living, Edmonton"
2021-01-23,"Edmonton","SLC","Villa Marguerite, Edmonton"
2021-01-23,"Edmonton","SLC","Virginia Park Lodge, Edmonton"
2021-01-23,"Edmonton","SLC","Winnifred Stewart Association group home, Edmonton"
2021-01-23,"Edmonton","Other","Amazon warehouse, Edmonton"
2021-01-23,"Edmonton","Other","Brightpath Hermitage, Edmonton"
2021-01-23,"Edmonton","Other","CEPP Gabrielle-Roy, Edmonton"
2021-01-23,"Edmonton","Other","CNC Industries Ltd., Nisku"
2021-01-23,"Edmonton","Other","Competition Chevrolet, Stony Plain"
2021-01-23,"Edmonton","Other","Edmonton Convention Centre"
2021-01-23,"Edmonton","Other","Edmonton Institution"
2021-01-23,"Edmonton","Other","Edmonton People in Need Society"
2021-01-23,"Edmonton","Other","Edmonton Remand Centre"
2021-01-23,"Edmonton","Other","Heartland Petrochemical Complex, Fort Saskatchewan"
2021-01-23,"Edmonton","Other","Hope Mission, Edmonton"
2021-01-23,"Edmonton","Other","Kidco Community Sunshine Factory, Edmonton"
2021-01-23,"Edmonton","Other","Logican Technologies, Edmonton"
2021-01-23,"Edmonton","Other","Maple Leaf Poultry, Edmonton"
2021-01-23,"Edmonton","Other","Mercury Plastics, Edmonton"
2021-01-23,"Edmonton","Other","My Happy Place Daycare, Stony Plain"
2021-01-23,"Edmonton","Other","Oliver Centre, Edmonton"
2021-01-23,"Edmonton","Other","Operation Friendship Senior Society Rooming House, Edmonton"
2021-01-23,"Edmonton","Other","Parkland RCMP detachment, Edmonton"
2021-01-23,"Edmonton","Other","Recovery Acres Addiction Centre, Edmonton"
2021-01-23,"Edmonton","Other","Sofina Foods Inc., Edmonton"
2021-01-23,"Edmonton","Other","Strathcona Tender Loving Daycare, Edmonton"
2021-01-23,"Edmonton","Other","Stepping Stones Kensington Child Development Centre, Edmonton"
2021-01-23,"Edmonton","Other","The Salvation Army Stepping Stones supportive residence, Edmonton"
2021-01-23,"Edmonton","Other","Tommy Hilfiger, South Edmonton Common"
2021-01-23,"Edmonton","Other","Weir Oil & Gas, Edmonton"
2021-01-23,"Edmonton","Other","Winnifred Steward adult group home, Edmonton"
2021-01-23,"Edmonton","Other","Women's Emergency Accommodation Centre, Edmonton"
2021-01-23,"North","Acute","Drumheller Hospital & Care Centre"
2021-01-23,"North","Acute","Ponoka Hospital & Care Centre"
2021-01-23,"North","Acute","Red Deer Regional Hospital Centre"
2021-01-23,"North","Acute","St. Mary's Hospital"
2021-01-23,"North","Acute","Wetaskiwin Hospital & Care Centre"
2021-01-23,"North","LTC","Coronation Long Term Care"
2021-01-23,"North","SLC","Catholic Social Services group home, Wetaskiwin"
2021-01-23,"North","SLC","Consort Hospital and Health Centre"
2021-01-23,"North","SLC","Doreen Johnson House, Wetaskiwin"
2021-01-23,"North","SLC","Etana Wells group home, Red Deer"
2021-01-23,"North","SLC","Extendicare Michener Hill, Red Deer"
2021-01-23,"North","SLC","Good Shepherd Lutheran Home, Wetaskiwin"
2021-01-23,"North","SLC","Peace Hills Lodge, Wetaskiwin"
2021-01-23,"North","SLC","Private group home, Red Deer"
2021-01-23,"North","SLC","Points West Living, Red Deer"
2021-01-23,"North","SLC","Points West Living, Stettler"
2021-01-23,"North","SLC","Providence Place Daysland, Daysland"
2021-01-23,"North","SLC","Seasons Camrose"
2021-01-23,"North","SLC","Unlimited Potential Community Services Lotus House, Wetaskiwin"
2021-01-23,"North","SLC","Vegreville Association for Living with Dignity"
2021-01-23,"North","SLC","Vegreville Homestead Senior Citizen's Lodge"
2021-01-23,"North","Other","Love, Fun & Learning Day Home, Red Deer"
2021-01-23,"North","Other","Montair Aviation, Springbrook"
2021-01-23,"North","Other","Olymel, Red Deer"
2021-01-23,"North","Other","Red Deer Remand Centre"
2021-01-23,"North","Other","Walmart (south location), Red Deer"
2021-01-23,"North","Other","Wetaskiwin Hub"
2021-01-23,"North","Other","Wonderflow School House, Red Deer"
2021-01-23,"Calgary","Acute","Foothills Medical Centre, Calgary"
2021-01-23,"Calgary","Acute","Peter Lougheed Centre, Calgary"
2021-01-23,"Calgary","Acute","South Health Campus, Calgary"
2021-01-23,"Calgary","Acute","Strathmore Hospital"
2021-01-23,"Calgary","LTC","Agecare Glenmore, Calgary"
2021-01-23,"Calgary","LTC","Bethany Airdrie"
2021-01-23,"Calgary","LTC","Bethany, Calgary"
2021-01-23,"Calgary","LTC","Bethany Riverview, Calgary"
2021-01-23,"Calgary","LTC","Bow View Manor, Calgary"
2021-01-23,"Calgary","LTC","Carewest Sarcee, Calgary"
2021-01-23,"Calgary","LTC","Dr. Vernon Fanning Centre, Calgary"
2021-01-23,"Calgary","LTC","Generations Calgary"
2021-01-23,"Calgary","LTC","Glamorgan Care Centre, Calgary"
2021-01-23,"Calgary","LTC","Intercare Brentwood, Calgary"
2021-01-23,"Calgary","LTC","Intercare Southwood, Calgary"
2021-01-23,"Calgary","LTC","McKenzie Towne Long Term Care, Calgary"
2021-01-23,"Calgary","LTC","Origin at Spring Creek, Canmore"
2021-01-23,"Calgary","LTC","Prince of Peace The Harbour, Calgary"
2021-01-23,"Calgary","LTC","Revera Bow-Crest, Calgary"
2021-01-23,"Calgary","LTC","Summit Care Newport Harbour, Calgary"
2021-01-23,"Calgary","LTC","Wing Kei Crescent Heights, Calgary"
2021-01-23,"Calgary","SLC","Academy of Aging, Calgary"
2021-01-23,"Calgary","SLC","Agecare Midnapore, Calgary"
2021-01-23,"Calgary","SLC","Agecare Sagewood, Strathmore"
2021-01-23,"Calgary","SLC","Agecare Skypointe, Calgary"
2021-01-23,"Calgary","SLC","Agecare Walden Heights, Calgary"
2021-01-23,"Calgary","SLC","Amica Britannia, Calgary"
2021-01-23,"Calgary","SLC","Auburn Heights Retirement Residence, Calgary"
2021-01-23,"Calgary","SLC","Beaver Dam Lodge, Calgary"
2021-01-23,"Calgary","SLC","Carewest George Boyack, Calgary"
2021-01-23,"Calgary","SLC","Carewest Glenmore Park, Calgary"
2021-01-23,"Calgary","SLC","Clifton Manor, Calgary"
2021-01-23,"Calgary","SLC","Covenant Living, Evanston Summit, Calgary"
2021-01-23,"Calgary","SLC","Dulcina Hospice Calgary"
2021-01-23,"Calgary","SLC","Evanston Grand Village, Calgary"
2021-01-23,"Calgary","SLC","Extendicare Cedars Villa, Calgary"
2021-01-23,"Calgary","SLC","Kingsland Terrace Supportive Living, Calgary"
2021-01-23,"Calgary","SLC","McKenzie Town Retirement Residence, Calgary"
2021-01-23,"Calgary","SLC","Milrise Senior Village, Calgary"
2021-01-23,"Calgary","SLC","Origin Retirement Communities Whitehorn Village, Calgary"
2021-01-23,"Calgary","SLC","Prince of Peace Manor, Calgary"
2021-01-23,"Calgary","SLC","Revera Edgemont, Calgary"
2021-01-23,"Calgary","SLC","Revera Evergreen Retirement Living, Calgary"
2021-01-23,"Calgary","SLC","Silvera for Seniors Aspen Lodge, Calgary"
2021-01-23,"Calgary","SLC","Southwood Hospice, Calgary"
2021-01-23,"Calgary","SLC","St. Marguerite Manor, Calgary"
2021-01-23,"Calgary","SLC","Supported Lifestyles Group Home, Calgary"
2021-01-23,"Calgary","SLC","Swan Evergreen Village, Calgary"
2021-01-23,"Calgary","SLC","United Active Living at Fish Creek, Calgary"
2021-01-23,"Calgary","SLC","United Active Living Garrison Green, Calgary"
2021-01-23,"Calgary","SLC","URSA group home, Calgary"
2021-01-23,"Calgary","SLC","Wheatland Lodge, Strathmore"
2021-01-23,"Calgary","Other","Alberta Beverage Container Recycling Corporation, Calgary"
2021-01-23,"Calgary","Other","Amazon warehouse, Rocky View County"
2021-01-23,"Calgary","Other","Brightpath McKenzie Towne Childcare Centre, Calgary"
2021-01-23,"Calgary","Other","Burger King (4818 17 Ave. SE), Calgary"
2021-01-23,"Calgary","Other","Calfrac Well Service Ltd., Calgary"
2021-01-23,"Calgary","Other","Calgary Alpha House"
2021-01-23,"Calgary","Other","Calgary Alpha House, detox program"
2021-01-23,"Calgary","Other","Calgary Dream Centre"
2021-01-23,"Calgary","Other","Calgary Drop-In Centre"
2021-01-23,"Calgary","Other","Calgary Remand Centre"
2021-01-23,"Calgary","Other","Canem Systems Plan Group Joint Venture, Calgary"
2021-01-23,"Calgary","Other","Cargill Case Ready, Calgary"
2021-01-23,"Calgary","Other","Centre of Hope, Calgary"
2021-01-23,"Calgary","Other","Cornerstone Chapel, Calgary"
2021-01-23,"Calgary","Other","Dynamic Furniture Corp., Calgary"
2021-01-23,"Calgary","Other","ECCO Manufacturing, Calgary"
2021-01-23,"Calgary","Other","Engineered Air, Calgary"
2021-01-23,"Calgary","Other","Enterprise Rent-a-Car - Calgary Airport"
2021-01-23,"Calgary","Other","Freeport Distribution Centre, Calgary"
2021-01-23,"Calgary","Other","Goodfood Market, Calgary"
2021-01-23,"Calgary","Other","Highline Mushrooms, Crossfield"
2021-01-23,"Calgary","Other","Kids Ave Early Learning Centre, Calgary"
2021-01-23,"Calgary","Other","Mahogany Learning Centre, Calgary"
2021-01-23,"Calgary","Other","Nakiska Ski Lodge"
2021-01-23,"Calgary","Other","Lake Louise Ski Area"
2021-01-23,"Calgary","Other","Refresco Canada, Calgary"
2021-01-23,"Calgary","Other","Seafood City Supermarket, Calgary"
2021-01-23,"Calgary","Other","Sobeys distribution centre, Balzac"
2021-01-23,"Calgary","Other","The Mustard Seed Foothills Shelter, Calgary"
2021-01-23,"Calgary","Other","Universal Rehabilitation Service Agency, Calgary"
2021-01-23,"Calgary","Other","Walmart Logistics, Balzac"
2021-01-23,"Calgary","Other","Walmart Logistics, Calgary"
2021-01-23,"Calgary","Other","Walmart Logistics, Rocky View County"
2021-01-23,"South","Acute","Cardston Health Centre"
2021-01-23,"South","Acute","Medicine Hat Regional Hospital"
2021-01-23,"South","SLC","Bethesda Care Home, Picture Butte"
2021-01-23,"South","SLC","Meadowlands, Medicine Hat"
2021-01-23,"South","SLC","Rehoboth Christian Ministries, Coaldale"
2021-01-23,"South","SLC","Rehoboth Christian Ministries, Lethbridge"
2021-01-23,"South","SLC","The View at Lethbridge"
2021-01-23,"South","Other","Lethbridge Alpha House"
2021-01-23,"South","Other","SASHA House, Lethbridge"
