"DATE","ZONE","GOA_TYPE","LOCATION"
2020-09-07,"North","Acute","Northern Lights Regional Health Centre"
2020-09-07,"North","LTC","La Crete Continuing Care Centre, La Crete"
2020-09-07,"North","SLC","Heimstaed Seniors Lodge, La Crete"
2020-09-07,"North","SLC","Heritage Lodge, Grande Prairie"
2020-09-07,"North","SLC","Homesteader Lodge, Hines Creek"
2020-09-07,"North","SLC","Rehoboth Christian Ministries Northridge Group Home, Grande Prairie"
2020-09-07,"North","SLC","Signature Supports Services, Grande Prairie"
2020-09-07,"North","Other","CNRL Albian, Fort Mackay"
2020-09-07,"North","Other","Deadwood religious gathering, Manning"
2020-09-07,"North","Other","Family gatherings, La Crete"
2020-09-07,"North","Other","Suncor base plant, Fort McMurray"
2020-09-07,"North","Other","Syncrude Mildred Lake site, Fort McMurray"
2020-09-07,"North","Other","Zavisha Sawmills, Hines Creek"
2020-09-07,"Edmonton","Acute","Grey Nuns Community Hospital, Edmonton"
2020-09-07,"Edmonton","LTC","Benevolence Care Centre, Edmonton"
2020-09-07,"Edmonton","LTC","Good Samaritan Southgate, Edmonton"
2020-09-07,"Edmonton","LTC","Hardisty Care Centre, Edmonton"
2020-09-07,"Edmonton","LTC","Kensington Village, Edmonton"
2020-09-07,"Edmonton","SLC","Catholic Social Services Gabriel Place, Edmonton"
2020-09-07,"Edmonton","SLC","Catholic Social Services St. Rita, Edmonton"
2020-09-07,"Edmonton","SLC","Greater Edmonton Foundation Seniors Housing Beverly Place, Edmonton"
2020-09-07,"Edmonton","SLC","ICE Southridge Group Home, Edmonton"
2020-09-07,"Edmonton","SLC","Lifestyle Options Schonsee Retirement Community, Edmonton"
2020-09-07,"Edmonton","SLC","Salvation Army Grace Manor, Edmonton"
2020-09-07,"Edmonton","Other","Bible Pentecostal Church, Edmonton"
2020-09-07,"Edmonton","Other","Bright Horizons Childcare, Edmonton"
2020-09-07,"Edmonton","Other","Fairmont Hotel Macdonald, Edmonton"
2020-09-07,"Edmonton","Other","Health Link, Edmonton"
2020-09-07,"Edmonton","Other","Private gathering, Edmonton"
2020-09-07,"Edmonton","Other","Private gathering, Spruce Grove"
2020-09-07,"Edmonton","Other","Walmart Supercentre (Calgary Trail location)"
2020-09-07,"Calgary","Acute","Peter Lougheed Centre, Calgary"
2020-09-07,"Calgary","LTC","Bow Crest Care Centre, Calgary"
2020-09-07,"Calgary","LTC","Intercare Brentwood, Calgary"
2020-09-07,"Calgary","SLC","All Colony Seniors Lodge, Carmangay"
2020-09-07,"Calgary","SLC","Aspen Lodge, MCF Housing, Calgary"
2020-09-07,"Calgary","SLC","Prince of Peace Manor, Calgary"
2020-09-07,"Calgary","SLC","Prominence Way Retirement Community, Calgary"
2020-09-07,"Calgary","Other","Amazon warehouse, Rocky View County"
2020-09-07,"Calgary","Other","Calgary Drop-in and Rehab Centre"
2020-09-07,"Calgary","Other","Calgary Kidanemhret Ethiopian Orthodox Tewahdo Church"
2020-09-07,"Calgary","Other","Cargill Case Ready, Calgary"
2020-09-07,"Calgary","Other","Harmony Beef, Calgary"
2020-09-07,"Calgary","Other","Lilydale Chicken Processing Plant, Calgary"
2020-09-07,"Calgary","Other","Private gatherings, Calgary (3)"
