"DATE","ZONE","GOA_TYPE","LOCATION"
2020-07-19,"North","Other","Family gatherings, La Crete"
2020-07-19,"Edmonton","Acute","Misericordia Community Hospital, Edmonton"
2020-07-19,"Calgary","LTC","Carewest Garrison Green, Calgary"
2020-07-19,"Calgary","LTC","Father Lacombe Nursing Home, Calgary"
2020-07-19,"Calgary","LTC","Generations Calgary"
2020-07-19,"Calgary","Other","Cactus Club, Stephen Avenue, Calgary"
2020-07-19,"Calgary","Other","FGL Sports Warehouse, Calgary"
2020-07-19,"Calgary","Other","Fire N Ice Lounge, Calgary"
2020-07-19,"Calgary","Other","High rise apartment building, Calgary"
2020-07-19,"Calgary","Other","Private gathering, Calgary"
2020-07-19,"South","Other","Friesen Livestock Ltd, Medicine Hat"
