"DATE","ZONE","GOA_TYPE","LOCATION"
2020-09-21,"North","Acute","Northern Lights Regional Health Centre"
2020-09-21,"North","Acute","Queen Elizabeth II Hospital, Grande Prairie"
2020-09-21,"North","SLC","Del-Air Lodge, Manning"
2020-09-21,"North","SLC","Heimstaed Seniors Lodge, La Crete"
2020-09-21,"North","SLC","Heritage Lodge, Grande Prairie"
2020-09-21,"North","SLC","Homesteader Lodge, Hines Creek"
2020-09-21,"North","SLC","Rehoboth Christian Ministries Northridge Group Home, Grande Prairie"
2020-09-21,"North","SLC","Signature Supports Services, Grande Prairie"
2020-09-21,"North","Other","CNRL Albian, Fort Mackay"
2020-09-21,"North","Other","Earls Kitchen and Bar, Morrison St., Fort McMurray"
2020-09-21,"North","Other","Family gatherings, La Crete"
2020-09-21,"North","Other","Private gathering, Manning"
2020-09-21,"North","Other","Suncor base plant, Fort McMurray"
2020-09-21,"North","Other","Syncrude Aurora site, Fort McMurray"
2020-09-21,"North","Other","Syncrude Mildred Lake site, Fort McMurray"
2020-09-21,"North","Other","Zavisha Sawmills, Hines Creek"
2020-09-21,"Edmonton","Acute","Royal Alexandra Hospital, Edmonton"
2020-09-21,"Edmonton","LTC","Benevolence Care Centre, Edmonton"
2020-09-21,"Edmonton","LTC","Edmonton Chinatown Care Centre, Edmonton"
2020-09-21,"Edmonton","SLC","Catholic Social Services Gabriel Place, Edmonton"
2020-09-21,"Edmonton","SLC","Lifestyle Options Terra Losa, Edmonton"
2020-09-21,"Edmonton","SLC","Robin Hood Association, Sherwood Park"
2020-09-21,"Edmonton","SLC","Salvation Army Grace Manor, Edmonton"
2020-09-21,"Edmonton","Other","Belfor Property Restoration, Edmonton"
2020-09-21,"Edmonton","Other","Canadian Mat Systems, Edmonton"
2020-09-21,"Edmonton","Other","Capital Fine Meats, Edmonton"
2020-09-21,"Edmonton","Other","Fairmont Hotel Macdonald, Edmonton"
2020-09-21,"Edmonton","Other","Hope Mission, Edmonton"
2020-09-21,"Edmonton","Other","Loomis Express, Edmonton"
2020-09-21,"Edmonton","Other","Portuguese Canadian Bakery, Edmonton"
2020-09-21,"Edmonton","Other","St. Joseph's College dormitory, University of Alberta, Edmonton"
2020-09-21,"Edmonton","Other","Walmart Supercentre (Calgary Trail location), Edmonton"
2020-09-21,"Edmonton","Other","WIN House, Edmonton"
2020-09-21,"Edmonton","Other","Windermere Early Learning Centre, Edmonton"
2020-09-21,"Calgary","Acute","Peter Lougheed Centre, Calgary"
2020-09-21,"Calgary","Acute","Foothills Medical Centre, Calgary"
2020-09-21,"Calgary","LTC","Intercare Brentwood, Calgary"
2020-09-21,"Calgary","SLC","All Colony Seniors Lodge, Carmangay"
2020-09-21,"Calgary","SLC","Aspen Lodge, MCF Housing, Calgary"
2020-09-21,"Calgary","SLC","Bethany, Calgary"
2020-09-21,"Calgary","SLC","Prince of Peace Manor, Calgary"
2020-09-21,"Calgary","SLC","Prominence Way Retirement Community, Calgary"
2020-09-21,"Calgary","SLC","Wentworth Manor, The Residence, Calgary"
2020-09-21,"Calgary","Other","Amazon warehouse, Rocky View County"
2020-09-21,"Calgary","Other","Calgary Drop-in and Rehab Centre"
2020-09-21,"Calgary","Other","Calgary Kidanemhret Ethiopian Orthodox Tewahdo Church"
2020-09-21,"Calgary","Other","East West Express, Calgary"
2020-09-21,"Calgary","Other","Freeport Distribution Centre, Calgary"
2020-09-21,"Calgary","Other","Harmony Beef, Calgary"
2020-09-21,"Calgary","Other","Lilydale Chicken Processing Plant, Calgary"
2020-09-21,"Calgary","Other","Worldpac, Aero Dr., Calgary"
2020-09-21,"South","Other","Methanex Corporation, Medicine Hat"
