"DATE","ZONE","GOA_TYPE","LOCATION"
2020-06-08,"North","Other","Civeo Wapasu Creek Lodge (Kearl Lake work camp), Fort Mackay"
2020-06-08,"Edmonton","SLC","Kensington Village - Shepherd's Manor, Edmonton"
2020-06-08,"Calgary","LTC","Carewest Sarcee, Calgary"
2020-06-08,"Calgary","LTC","High River Long Term Care (in High River Hospital), High River"
2020-06-08,"Calgary","LTC","Intercare Chinook Care Centre, Calgary"
2020-06-08,"Calgary","LTC","McKenzie TowneContinuingCare, Calgary"
2020-06-08,"Calgary","SLC","Chartwell Eau Claire Retirement Residences, Calgary"
2020-06-08,"Calgary","SLC","Hillcrest Extendicare, Calgary"
2020-06-08,"Calgary","SLC","Intercare Brentwood Care Centre, Calgary"
2020-06-08,"Calgary","SLC","Wentworth Manor, The Residence, Calgary"
2020-06-08,"Calgary","Other","Amazon Fulfillment Centre, Balzac"
2020-06-08,"Calgary","Other","APC Nutrition Ltd., Calgary"
2020-06-08,"Calgary","Other","Calgary Alpha House"
2020-06-08,"Calgary","Other","Cargill Staff and Contractors, High River"
2020-06-08,"Calgary","Other","Calgary Drop-In Rehab Centre Society"
2020-06-08,"Calgary","Other","Calgary Refrigerated Warehouse"
2020-06-08,"Calgary","Other","Cascade Recovery+, Calgary"
2020-06-08,"Calgary","Other","Calgary Remand Centre, Calgary"
2020-06-08,"Calgary","Other","Dynamic Furniture Corporation, Calgary"
2020-06-08,"Calgary","Other","Fibrebuilt Manufacturing, Calgary"
2020-06-08,"Calgary","Other","Golden Happiness Bakery"
2020-06-08,"Calgary","Other","Harmony Beef-Meat packing, Rocky View County"
2020-06-08,"Calgary","Other","CO-OP (Macleod Trail), Calgary"
2020-06-08,"Calgary","Other","CO-OP (Midtown), Calgary"
2020-06-08,"Calgary","Other","Purolator, Calgary"
2020-06-08,"Calgary","Other","Walmart Logistics Distribution Warehouse, Calgary"
2020-06-08,"Calgary","Other","West Coast Reduction Ltd., Calgary"
2020-06-08,"South","SLC","Agecare Sunrise Gardens, Brooks"
2020-06-08,"South","Other","JBS Foods Canada Inc., Brooks"
