"DATE","ZONE","GOA_TYPE","LOCATION"
2020-12-05,"North","Acute","Fairview Health Complex"
2020-12-05,"North","Acute","Seton - Jasper Healthcare Centre"
2020-12-05,"North","Acute","Queen Elizabeth II Hospital, Grande Prairie"
2020-12-05,"North","LTC","Extendicare Mayerthorpe"
2020-12-05,"North","LTC","Extendicare St. Paul"
2020-12-05,"North","LTC","Grande Prairie Care Centre"
2020-12-05,"North","LTC","Westlock Continuing Care Centre"
2020-12-05,"North","SLC","Bar-V-Nook Manor, Smoky Lake"
2020-12-05,"North","SLC","Jasper Alpine Summit Seniors Lodge"
2020-12-05,"North","SLC","Ridgevalley Seniors Home, Crooked Creek"
2020-12-05,"North","Other","Boys and Girls Club, St. Paul"
2020-12-05,"North","Other","CNRL Albian, Regional Municipality of Wood Buffalo"
2020-12-05,"North","Other","CNRL Horizon, Regional Municipality of Wood Buffalo"
2020-12-05,"North","Other","Elders Caring Shelter Society, Grande Prairie"
2020-12-05,"North","Other","Imperial Oil, Cold Lake"
2020-12-05,"North","Other","Kearl Lake work site, Fort Mckay"
2020-12-05,"North","Other","Peace River Correctional Facility"
2020-12-05,"North","Other","Suncor base plant, Regional Municipality of Wood Buffalo"
2020-12-05,"North","Other","Suncor Firebag, Regional Municipality of Wood Buffalo"
2020-12-05,"North","Other","Syncrude Mildred Lake site, Regional Municipality of Wood Buffalo"
2020-12-05,"Edmonton","Acute","Alberta Hospital, Edmonton"
2020-12-05,"Edmonton","Acute","Grey Nuns Community Hospital, Edmonton"
2020-12-05,"Edmonton","Acute","Leduc Community Hospital"
2020-12-05,"Edmonton","Acute","Misericordia Community Hospital, Edmonton"
2020-12-05,"Edmonton","Acute","Royal Alexandra Hospital, Edmonton"
2020-12-05,"Edmonton","Acute","University of Alberta Hospital, Edmonton"
2020-12-05,"Edmonton","LTC","Capital Care Dickinsfield, Edmonton"
2020-12-05,"Edmonton","LTC","Capital Care Grandview, Edmonton"
2020-12-05,"Edmonton","LTC","Capital Care Lynnwood, Edmonton"
2020-12-05,"Edmonton","LTC","Capital Care Norwood, Edmonton"
2020-12-05,"Edmonton","LTC","Capital Care Strathcona, Sherwood Park"
2020-12-05,"Edmonton","LTC","Covenant Health St. Joseph's, Edmonton"
2020-12-05,"Edmonton","LTC","Devon Hospital Continuing Care Centre"
2020-12-05,"Edmonton","LTC","Devonshire Care Centre, Edmonton"
2020-12-05,"Edmonton","LTC","Edmonton Chinatown Care Centre"
2020-12-05,"Edmonton","LTC","Edmonton General Continuing Care Centre"
2020-12-05,"Edmonton","LTC","Extendicare Eaux Claires, Edmonton"
2020-12-05,"Edmonton","LTC","Good Samaritan, Pembina Village, Evansburg"
2020-12-05,"Edmonton","LTC","Grand Manor, Edmonton"
2020-12-05,"Edmonton","LTC","Hardisty Care Centre, Edmonton"
2020-12-05,"Edmonton","LTC","Jasper Place Continuing Care Centre, Edmonton"
2020-12-05,"Edmonton","LTC","Kipnes Centre for Veterans, Edmonton"
2020-12-05,"Edmonton","LTC","Laurier House Lynnwood, Edmonton"
2020-12-05,"Edmonton","LTC","Mactaggart Place Retirement Residence, Edmonton"
2020-12-05,"Edmonton","LTC","Miller Crossing Care Centre, Edmonton"
2020-12-05,"Edmonton","LTC","Millwoods Shepherd's Care Centre, Edmonton"
2020-12-05,"Edmonton","LTC","Rutherford Retirement Residence, Edmonton"
2020-12-05,"Edmonton","LTC","Salem Manor, Leduc"
2020-12-05,"Edmonton","LTC","Shepherd's Care Eden House, Edmonton"
2020-12-05,"Edmonton","LTC","Shepherd's Care Greenfield, Edmonton"
2020-12-05,"Edmonton","LTC","Shepherd's Care Kensington Village, Edmonton"
2020-12-05,"Edmonton","LTC","St. Michael's long-term care centre, Edmonton"
2020-12-05,"Edmonton","LTC","South Terrace Continuing Care, Edmonton"
2020-12-05,"Edmonton","LTC","Venta Care Centre, Edmonton"
2020-12-05,"Edmonton","LTC","Villas Caritas, Edmonton"
2020-12-05,"Edmonton","LTC","Youville Home, Edmonton"
2020-12-05,"Edmonton","SLC","Ambrose Place, Edmonton"
2020-12-05,"Edmonton","SLC","Bedford Village, Sherwood Park"
2020-12-05,"Edmonton","SLC","Castlewood Care Homes, Edmonton"
2020-12-05,"Edmonton","SLC","Covenant Care Chateau Vitaline, Beaumont"
2020-12-05,"Edmonton","SLC","Chartwell Griesbach, Edmonton"
2020-12-05,"Edmonton","SLC","Chinese Seniors Lodge, Edmonton"
2020-12-05,"Edmonton","SLC","Churchill Retirement Community, Edmonton"
2020-12-05,"Edmonton","SLC","Devonshire Village, Edmonton"
2020-12-05,"Edmonton","SLC","Emmanuel Home, Edmonton"
2020-12-05,"Edmonton","SLC","Good Samaritan Dr. Gerald Zetter Care Centre, Edmonton"
2020-12-05,"Edmonton","SLC","Good Samaritan Spruce Grove Centre"
2020-12-05,"Edmonton","SLC","Laurel Heights Retirement Residence, Edmonton"
2020-12-05,"Edmonton","SLC","Lifestyle Options Riverbend, Edmonton"
2020-12-05,"Edmonton","SLC","Lifestyle Options Terra Losa, Edmonton"
2020-12-05,"Edmonton","SLC","Lifestyle Options Whitemud, Edmonton"
2020-12-05,"Edmonton","SLC","McConachie Gardens Retirement Living"
2020-12-05,"Edmonton","SLC","McDaniel Manor, Edmonton"
2020-12-05,"Edmonton","SLC","Nihgi Mtis Senior Lodge, Edmonton"
2020-12-05,"Edmonton","SLC","Our Parents' Home, Edmonton"
2020-12-05,"Edmonton","SLC","Paramed Home Health Care Bader Tower, Edmonton"
2020-12-05,"Edmonton","SLC","Pleasantview Place Lodge, Edmonton"
2020-12-05,"Edmonton","SLC","Riverbend Retirement Residences, Edmonton"
2020-12-05,"Edmonton","SLC","Shepherd's Care Vanguard, Edmonton"
2020-12-05,"Edmonton","SLC","Seniors Housing Beverly Place, Edmonton"
2020-12-05,"Edmonton","SLC","St. Albert Retirement Residence"
2020-12-05,"Edmonton","SLC","St. Thomas Health Centre, Edmonton"
2020-12-05,"Edmonton","SLC","Summerwood Village Retirement Residence, Sherwood Park"
2020-12-05,"Edmonton","SLC","Village at Westmount, Edmonton"
2020-12-05,"Edmonton","SLC","Villa Marguerite, Edmonton"
2020-12-05,"Edmonton","SLC","Virginia Park Lodge, Edmonton"
2020-12-05,"Edmonton","Other","A Child's Story Daycare, Edmonton"
2020-12-05,"Edmonton","Other","Amazon warehouse, Edmonton"
2020-12-05,"Edmonton","Other","Earls Kitchen and Bar (Clareview), Edmonton"
2020-12-05,"Edmonton","Other","Edmonton Convention Centre"
2020-12-05,"Edmonton","Other","Edmonton General Hospital (non-acute care)"
2020-12-05,"Edmonton","Other","Edmonton Institution"
2020-12-05,"Edmonton","Other","Edmonton Institution for Women"
2020-12-05,"Edmonton","Other","Edmonton People in Need Society"
2020-12-05,"Edmonton","Other","Edmonton Remand Centre"
2020-12-05,"Edmonton","Other","Fort Saskatchewan Correctional Centre"
2020-12-05,"Edmonton","Other","Glenrose Rehabilitation Hospital, Edmonton"
2020-12-05,"Edmonton","Other","Heritage Frozen Foods, Edmonton"
2020-12-05,"Edmonton","Other","Hope Mission, Edmonton"
2020-12-05,"Edmonton","Other","Montessori Play and Learn Centre, Edmonton"
2020-12-05,"Edmonton","Other","NWR Sturgeon Refinery, Gibbons"
2020-12-05,"Edmonton","Other","Oliver Centre, Edmonton"
2020-12-05,"Edmonton","Other","Quasar Bottle Depot, Edmonton"
2020-12-05,"Edmonton","Other","Sport cohort, Morinville"
2020-12-05,"Edmonton","Other","Stan Daniel Healing Center, Edmonton"
2020-12-05,"Edmonton","Other","Stepping Stones Kensington Child Development Centre, Edmonton"
2020-12-05,"Edmonton","Other","Western Archrib, Edmonton"
2020-12-05,"Central","Acute","Drumheller Health Centre"
2020-12-05,"Central","LTC","Covenant Care Villa Marie, Red Deer"
2020-12-05,"Central","SLC","Centennial Centre for Mental Health and Brain Injury, Ponoka"
2020-12-05,"Central","SLC","Consort Senior Citizen's Lodge"
2020-12-05,"Central","SLC","Eagle Hill Lodge, Willington"
2020-12-05,"Central","SLC","Providence Place Daysland, Daysland"
2020-12-05,"Central","SLC","Revera Aspen Ridge, Red Deer"
2020-12-05,"Central","SLC","Rosealta Lodge, Camrose"
2020-12-05,"Central","SLC","Seasons Camrose"
2020-12-05,"Central","SLC","Shangri La Lodge, Drayton Valley"
2020-12-05,"Central","Other","Olymel, Red Deer"
2020-12-05,"Calgary","Acute","Foothills Medical Centre, Calgary"
2020-12-05,"Calgary","Acute","Peter Lougheed Centre, Calgary"
2020-12-05,"Calgary","Acute","Rockyview General Hospital, Calgary"
2020-12-05,"Calgary","LTC","Agecare Glenmore, Calgary"
2020-12-05,"Calgary","LTC","Agecare Sagewood, Strathmore"
2020-12-05,"Calgary","LTC","Bethany, Calgary"
2020-12-05,"Calgary","LTC","Bethany Riverview, Calgary"
2020-12-05,"Calgary","LTC","Cambridge Manor, Calgary"
2020-12-05,"Calgary","LTC","Carewest Colonel Belcher, Calgary"
2020-12-05,"Calgary","LTC","Carewest Garrison Green, Calgary"
2020-12-05,"Calgary","LTC","Carewest Signal Pointe, Calgary"
2020-12-05,"Calgary","LTC","Generations Calgary"
2020-12-05,"Calgary","LTC","Intercare Chinook Care Centre, Calgary"
2020-12-05,"Calgary","LTC","Intercare Southwood, Calgary"
2020-12-05,"Calgary","LTC","Newport Harbour Care Centre, Calgary"
2020-12-05,"Calgary","LTC","The Manor Village Varsity, Calgary"
2020-12-05,"Calgary","LTC","Revera Bow-Crest, Calgary"
2020-12-05,"Calgary","LTC","Revera Mount Royal Long Term Care Home, Calgary"
2020-12-05,"Calgary","LTC","Wentworth Manor (The Residence), Calgary"
2020-12-05,"Calgary","LTC","Wing Kei Care Centre, Calgary"
2020-12-05,"Calgary","SLC","Academy of Aging, Calgary"
2020-12-05,"Calgary","SLC","Agecare Skypointe, Calgary"
2020-12-05,"Calgary","SLC","Agecare Walden Heights, Calgary"
2020-12-05,"Calgary","SLC","Amica Aspen Woods, Calgary"
2020-12-05,"Calgary","SLC","Amica Britannia, Calgary"
2020-12-05,"Calgary","SLC","Auburn Heights Retirement Residence, Calgary"
2020-12-05,"Calgary","SLC","Carewest George Boyack, Calgary"
2020-12-05,"Calgary","SLC","Carewest Glenmore Park, Calgary"
2020-12-05,"Calgary","SLC","Carewest Rouleau Manor, Calgary"
2020-12-05,"Calgary","SLC","Chartwell Harbour Retirement Home, Calgary"
2020-12-05,"Calgary","SLC","Clifton Manor, Calgary"
2020-12-05,"Calgary","SLC","Covenant Care St. Teresa Place, Calgary"
2020-12-05,"Calgary","SLC","Extendicare Cedars Villa, Calgary"
2020-12-05,"Calgary","SLC","Glamorgan Care Centre, Calgary"
2020-12-05,"Calgary","SLC","Graduated Supports, Calgary"
2020-12-05,"Calgary","SLC","Highbanks Independent Living for Parenting Youth Society, Calgary"
2020-12-05,"Calgary","SLC","Holy Cross Manor, Calgary"
2020-12-05,"Calgary","SLC","Luxstone Manor, Calgary"
2020-12-05,"Calgary","SLC","Monterey Seniors Village, Calgary"
2020-12-05,"Calgary","SLC","Private group home, Calgary"
2020-12-05,"Calgary","SLC","Rehoboth Christian Ministries Group Home, Calgary"
2020-12-05,"Calgary","SLC","Sage Hill Retirement Residence, Calgary"
2020-12-05,"Calgary","SLC","Simon House Recovery Centre, Calgary"
2020-12-05,"Calgary","SLC","Spruce Lodge, Calgary"
2020-12-05,"Calgary","SLC","St. Marguerite Manor, Calgary"
2020-12-05,"Calgary","SLC","Staywell Manor, Calgary"
2020-12-05,"Calgary","SLC","Supported Lifestyles Group Home, Calgary"
2020-12-05,"Calgary","SLC","The Hamlets at Cedarwood Station, Airdrie"
2020-12-05,"Calgary","SLC","The Journey Club, Calgary"
2020-12-05,"Calgary","SLC","The Manor at Fish Creek Park, Calgary"
2020-12-05,"Calgary","SLC","United Active Living at Fish Creek, Calgary"
2020-12-05,"Calgary","SLC","Vecova Group Home, Calgary"
2020-12-05,"Calgary","SLC","Vecova Huntertown, Calgary"
2020-12-05,"Calgary","SLC","Waverley House Personal Care Home, Calgary"
2020-12-05,"Calgary","SLC","Wood's Homes Phoenix, Calgary"
2020-12-05,"Calgary","Other","Airdrie Boxing Club"
2020-12-05,"Calgary","Other","Airdrie Martial Arts Centre"
2020-12-05,"Calgary","Other","Amazon warehouse, Rocky View County"
2020-12-05,"Calgary","Other","Calgary Alpha House, Francis Manor"
2020-12-05,"Calgary","Other","Calgary Correctional Centre"
2020-12-05,"Calgary","Other","Calgary Drop-In Centre"
2020-12-05,"Calgary","Other","Calgary Remand Centre"
2020-12-05,"Calgary","Other","Cargill Case Ready, Calgary"
2020-12-05,"Calgary","Other","Centennial Foodservice, Calgary"
2020-12-05,"Calgary","Other","Constant Fire Protection Systems Ltd., Calgary"
2020-12-05,"Calgary","Other","Dr. Clara Christie Learning Centre Daycare, Calgary"
2020-12-05,"Calgary","Other","Harmony Beef, Rocky View County"
2020-12-05,"Calgary","Other","Italian Centre Shop, Calgary"
2020-12-05,"Calgary","Other","Little Angels Daycare, Airdrie"
2020-12-05,"Calgary","Other","Little Worlds Learning Centre, Calgary"
2020-12-05,"Calgary","Other","Metrie Canada, Calgary"
2020-12-05,"Calgary","Other","Lake Louise Ski Area"
2020-12-05,"Calgary","Other","Provision Analytics Inc., Calgary"
2020-12-05,"Calgary","Other","Sheldon M. Chumir iOAT program, Calgary"
2020-12-05,"Calgary","Other","Sport cohorts (2), Calgary"
2020-12-05,"Calgary","Other","Temple Fire Station No. 22, Calgary"
2020-12-05,"Calgary","Other","University of Calgary Women's Basketball Team"
2020-12-05,"Calgary","Other","Walmart Logistics, Calgary"
2020-12-05,"Calgary","Other","West Springs Veterinary Hospital, Calgary"
2020-12-05,"South","Acute","Chinook Regional Hospital, Lethbridge"
2020-12-05,"South","LTC","Edith Cavell Care Centre, Lethbridge"
2020-12-05,"South","SLC","Agecare Sunrise Gardens, Brooks"
2020-12-05,"South","SLC","Good Samaritan West Highlands Centre, Lethbridge"
2020-12-05,"South","SLC","Newbrook Lodge, Brooks"
2020-12-05,"South","SLC","South Country Village, Medicine Hat"
2020-12-05,"South","Other","Element Technical Services, Medicine Hat"
2020-12-05,"South","Other","House of Cars, Lethbridge"
2020-12-05,"South","Other","Moduline Industries, Medicine Hat"
2020-12-05,"South","Other","Private gatherings (2), Lethbridge"
2020-12-05,"South","Other","Redcliff Legion"
