"DATE","ZONE","GOA_TYPE","LOCATION"
2020-08-09,"North","SLC","Heimstaed Seniors Lodge, La Crete"
2020-08-09,"North","Other","Family gatherings, La Crete"
2020-08-09,"Edmonton","Acute","Misericordia Community Hospital, Edmonton"
2020-08-09,"Edmonton","SLC","Ashbourne, Edmonton"
2020-08-09,"Edmonton","SLC","Kiwanis Place Lodge, Edmonton"
2020-08-09,"Edmonton","SLC","Rosslyn Place Lodge, Edmonton"
2020-08-09,"Edmonton","SLC","Shepherd's Care Greenfield, Edmonton"
2020-08-09,"Edmonton","SLC","Shepherd's Gardens Heritage, Edmonton"
2020-08-09,"Central","Acute","Red Deer Regional Hospital Centre, Red Deer"
2020-08-09,"Central","SLC","Waskasoo Kiwanis Towers, Red Deer"
2020-08-09,"Calgary","LTC","Bethany, Calgary"
2020-08-09,"Calgary","LTC","Carewest Dr. Vernon Fanning Centre, Calgary"
2020-08-09,"Calgary","LTC","Generations Calgary"
2020-08-09,"Calgary","SLC","Trinity Lodge Retirement Residence, Calgary"
2020-08-09,"Calgary","Other","Fire N Ice Lounge, Calgary"
2020-08-09,"Calgary","Other","Ride Cycle, Calgary"
2020-08-09,"South","SLC","South Country Village, Medicine Hat"
2020-08-09,"South","Other","Friesen Livestock Ltd, Medicine Hat"
