"DATE","ZONE","GOA_TYPE","LOCATION"
2020-11-25,"North","LTC","Fairview Health Complex"
2020-11-25,"North","LTC","Grande Prairie Care Centre"
2020-11-25,"North","LTC","Mayerthorpe Extendicare"
2020-11-25,"North","LTC","Westlock Continuing Care Centre"
2020-11-25,"North","SLC","Hillcrest Lodge, Barrhead"
2020-11-25,"North","SLC","Prairie Lakes Senior Facility, Grande Prairie"
2020-11-25,"North","SLC","Ridgevalley Seniors Home, Crooked Creek"
2020-11-25,"North","Other","CNRL Albian, Fort McMurray"
2020-11-25,"North","Other","CNRL Horizon, Fort McMurray"
2020-11-25,"North","Other","Fairmont Jasper Park Lodge, Jasper"
2020-11-25,"North","Other","Imperial Oil, Cold Lake"
2020-11-25,"North","Other","Kearl Lake work site, Fort Mckay"
2020-11-25,"North","Other","Norbord, Grande Prairie"
2020-11-25,"North","Other","Peace River Correctional Facility"
2020-11-25,"North","Other","Sport cohort, Fairview"
2020-11-25,"North","Other","Suncor base plant, Fort McMurray"
2020-11-25,"North","Other","Suncor Firebag, Fort McMurray"
2020-11-25,"North","Other","Syncrude Mildred Lake site, Fort McMurray"
2020-11-25,"North","Other","Victory Church on the Rock, Grande Prairie"
2020-11-25,"Edmonton","Acute","Alberta Hospital, Edmonton"
2020-11-25,"Edmonton","Acute","Grey Nuns Community Hospital, Edmonton"
2020-11-25,"Edmonton","Acute","Misericordia Community Hospital, Edmonton"
2020-11-25,"Edmonton","Acute","Royal Alexandra Hospital, Edmonton"
2020-11-25,"Edmonton","Acute","University of Alberta Hospital, Edmonton"
2020-11-25,"Edmonton","LTC","Allan Grey Continuing Care Centre, Edmonton"
2020-11-25,"Edmonton","LTC","Capital Care Lynnwood, Edmonton"
2020-11-25,"Edmonton","LTC","Capital Care Strathcona, Sherwood Park"
2020-11-25,"Edmonton","LTC","Citadel Care Centre, St. Albert"
2020-11-25,"Edmonton","LTC","Covenant Health St. Joseph's, Edmonton"
2020-11-25,"Edmonton","LTC","Devonshire Care Centre, Edmonton"
2020-11-25,"Edmonton","LTC","Edmonton Chinatown Care Centre"
2020-11-25,"Edmonton","LTC","Edmonton General Continuing Care Centre"
2020-11-25,"Edmonton","LTC","Extendicare Eaux Claires, Edmonton"
2020-11-25,"Edmonton","LTC","Good Samaritan, Pembina Village, Evansburg"
2020-11-25,"Edmonton","LTC","Hardisty Care Centre, Edmonton"
2020-11-25,"Edmonton","LTC","Jasper Place Continuing Care Centre, Edmonton"
2020-11-25,"Edmonton","LTC","Kipnes Centre for Veterans, Edmonton"
2020-11-25,"Edmonton","LTC","Mactaggart Place Retirement Residence, Edmonton"
2020-11-25,"Edmonton","LTC","Millwoods Shepherd's Care Centre, Edmonton"
2020-11-25,"Edmonton","LTC","Rutherford Retirement Residence, Edmonton"
2020-11-25,"Edmonton","LTC","Shepherd's Care Centre Eden House, Edmonton"
2020-11-25,"Edmonton","LTC","South Terrace Continuing Care, Edmonton"
2020-11-25,"Edmonton","LTC","Venta Care Centre, Edmonton"
2020-11-25,"Edmonton","SLC","Ambrose Place, Edmonton"
2020-11-25,"Edmonton","SLC","Covenant Care Chateau Vitaline, Beaumont"
2020-11-25,"Edmonton","SLC","Chartwell Griesbach, Edmonton"
2020-11-25,"Edmonton","SLC","Emmanuel Home, Edmonton"
2020-11-25,"Edmonton","SLC","Laurel Heights Retirement Residence, Edmonton"
2020-11-25,"Edmonton","SLC","Lifestyle Options Terra Losa, Edmonton"
2020-11-25,"Edmonton","SLC","Lifestyle Options Whitemud, Edmonton"
2020-11-25,"Edmonton","SLC","Our Parents' Home, Edmonton"
2020-11-25,"Edmonton","SLC","Paramed Home Health Care Bader Tower, Edmonton"
2020-11-25,"Edmonton","SLC","Riverbend Retirement Residences, Edmonton"
2020-11-25,"Edmonton","SLC","Rosedale Estates, Edmonton"
2020-11-25,"Edmonton","SLC","Shepherd's Care Vanguard, Edmonton"
2020-11-25,"Edmonton","SLC","St. Albert Retirement Residence"
2020-11-25,"Edmonton","SLC","St. Thomas Health Centre, Edmonton"
2020-11-25,"Edmonton","SLC","Summerwood Village Retirement Residence, Sherwood Park"
2020-11-25,"Edmonton","SLC","Village at Westmount, Edmonton"
2020-11-25,"Edmonton","SLC","Villa Marguerite, Edmonton"
2020-11-25,"Edmonton","Other","A Child's Story Daycare, Edmonton"
2020-11-25,"Edmonton","Other","Amazon warehouse, Edmonton"
2020-11-25,"Edmonton","Other","C.E.P.P. Garderie La Belle Nature, St. Albert"
2020-11-25,"Edmonton","Other","Cornerstone Christian Church of God, Edmonton"
2020-11-25,"Edmonton","Other","Dwayne's Home, Edmonton"
2020-11-25,"Edmonton","Other","Earls Kitchen and Bar (Clareview), Edmonton"
2020-11-25,"Edmonton","Other","Edmonton General Hospital (non-acute care)"
2020-11-25,"Edmonton","Other","Edmonton Institution for Women"
2020-11-25,"Edmonton","Other","Edmonton People in Need Society"
2020-11-25,"Edmonton","Other","Edmonton Remand Centre"
2020-11-25,"Edmonton","Other","Heartland Petrochemical Complex, Edmonton"
2020-11-25,"Edmonton","Other","Hello Fresh warehouse, Edmonton"
2020-11-25,"Edmonton","Other","Heritage Frozen Foods, Edmonton"
2020-11-25,"Edmonton","Other","Hope Mission, Edmonton"
2020-11-25,"Edmonton","Other","Little Potato Company, Edmonton"
2020-11-25,"Edmonton","Other","MacEwan University Theatre Arts Program, Edmonton"
2020-11-25,"Edmonton","Other","Maple Leaf Poultry, Edmonton"
2020-11-25,"Edmonton","Other","Montessori Play and Learn Centre, Edmonton"
2020-11-25,"Edmonton","Other","NWR Sturgeon Refinery, Gibbons"
2020-11-25,"Edmonton","Other","Oliver Centre, Edmonton"
2020-11-25,"Edmonton","Other","Private gathering, Edmonton"
2020-11-25,"Edmonton","Other","Quasar Bottle Depot, Edmonton"
2020-11-25,"Edmonton","Other","RGL Reservoir Management Inc., Leduc"
2020-11-25,"Edmonton","Other","ServiceMaster Restore, Edmonton"
2020-11-25,"Edmonton","Other","Sport cohort, Morinville"
2020-11-25,"Edmonton","Other","St. Albert Family Resource Centre"
2020-11-25,"Edmonton","Other","Stepping Stones Kensington Child Development Centre, Edmonton"
2020-11-25,"Edmonton","Other","Western Archrib, Edmonton"
2020-11-25,"Edmonton","Other","WF Steel and Crane, Edmonton"
2020-11-25,"Central","Acute","Drumheller Health Centre"
2020-11-25,"Central","SLC","Centennial Centre for Mental Health and Brain Injury, Ponoka"
2020-11-25,"Central","SLC","Consort Senior Citizen's Lodge"
2020-11-25,"Central","SLC","Providence Place Daysland, Daysland"
2020-11-25,"Central","SLC","Revera Aspen Ridge, Red Deer"
2020-11-25,"Central","SLC","Rosealta Lodge, Camrose"
2020-11-25,"Central","SLC","Seasons Camrose"
2020-11-25,"Central","Other","Avenue Living Communities office, Red Deer"
2020-11-25,"Central","Other","Olymel, Red Deer"
2020-11-25,"Central","Other","Private gathering, Ponoka"
2020-11-25,"Central","Other","Pure Fitness, Red Deer"
2020-11-25,"Calgary","Acute","Foothills Medical Centre, Calgary"
2020-11-25,"Calgary","Acute","Peter Lougheed Centre, Calgary"
2020-11-25,"Calgary","Acute","Rockyview General Hospital, Calgary"
2020-11-25,"Calgary","LTC","Bethany, Calgary"
2020-11-25,"Calgary","LTC","Bethany Riverview, Calgary"
2020-11-25,"Calgary","LTC","Carewest Colonel Belcher, Calgary"
2020-11-25,"Calgary","LTC","Extendicare Hillcrest, Calgary"
2020-11-25,"Calgary","LTC","Generations Calgary"
2020-11-25,"Calgary","LTC","Intercare Chinook Care Centre, Calgary"
2020-11-25,"Calgary","LTC","Newport Harbour Care Centre, Calgary"
2020-11-25,"Calgary","LTC","The Manor Village Varsity, Calgary"
2020-11-25,"Calgary","LTC","Revera Bow-Crest, Calgary"
2020-11-25,"Calgary","LTC","Revera Mount Royal Long Term Care Home, Calgary"
2020-11-25,"Calgary","LTC","Wentworth Manor (The Residence), Calgary"
2020-11-25,"Calgary","LTC","Wing Kei Care Centre, Calgary"
2020-11-25,"Calgary","SLC","Agecare Skypointe, Calgary"
2020-11-25,"Calgary","SLC","Agecare Walden Heights, Calgary"
2020-11-25,"Calgary","SLC","Amica Aspen Woods, Calgary"
2020-11-25,"Calgary","SLC","Amica Britannia, Calgary"
2020-11-25,"Calgary","SLC","Auburn Heights Retirement Residence, Calgary"
2020-11-25,"Calgary","SLC","Carewest George Boyack, Calgary"
2020-11-25,"Calgary","SLC","CBI Specialized Community Services, Calgary"
2020-11-25,"Calgary","SLC","Chartwell Harbour Retirement Home, Calgary"
2020-11-25,"Calgary","SLC","Clifton Manor, Calgary"
2020-11-25,"Calgary","SLC","Extendicare Cedars Villa, Calgary"
2020-11-25,"Calgary","SLC","Glamorgan Care Centre, Calgary"
2020-11-25,"Calgary","SLC","Highbanks Independent Living for Parenting Youth Society, Calgary"
2020-11-25,"Calgary","SLC","Holy Cross Manor, Calgary"
2020-11-25,"Calgary","SLC","Luxstone Manor, Calgary"
2020-11-25,"Calgary","SLC","Monterey Seniors Village, Calgary"
2020-11-25,"Calgary","SLC","Prince of Peace Manor, Calgary"
2020-11-25,"Calgary","SLC","Rehoboth Christian Ministries Group Home, Calgary"
2020-11-25,"Calgary","SLC","Sage Hill Retirement Residence, Calgary"
2020-11-25,"Calgary","SLC","Simon House Recovery Centre, Calgary"
2020-11-25,"Calgary","SLC","Spruce Lodge, Calgary"
2020-11-25,"Calgary","SLC","St. Marguerite Manor, Calgary"
2020-11-25,"Calgary","SLC","Staywell Manor, Calgary"
2020-11-25,"Calgary","SLC","Supported Lifestyles Group Home, Calgary"
2020-11-25,"Calgary","SLC","The Journey Club, Calgary"
2020-11-25,"Calgary","SLC","United Living at Fish Creek, Calgary"
2020-11-25,"Calgary","SLC","Vecova Group Home, Calgary"
2020-11-25,"Calgary","SLC","Waverley House Personal Care Home, Calgary"
2020-11-25,"Calgary","Other","Airdrie Boxing Club"
2020-11-25,"Calgary","Other","Airdrie Martial Arts Centre"
2020-11-25,"Calgary","Other","Amazon warehouse, Rocky View County"
2020-11-25,"Calgary","Other","Calgary Alpha House, Francis Manor"
2020-11-25,"Calgary","Other","Calgary Correctional Centre"
2020-11-25,"Calgary","Other","Calgary Drop-In Centre"
2020-11-25,"Calgary","Other","Calgary Remand Centre"
2020-11-25,"Calgary","Other","Cargill Case Ready, Calgary"
2020-11-25,"Calgary","Other","CBI (Prestwick location), Calgary"
2020-11-25,"Calgary","Other","Centennial Foodservice, Calgary"
2020-11-25,"Calgary","Other","Chestermere Lake Crossfit, Chestermere"
2020-11-25,"Calgary","Other","CIBC Sunridge Corner, Calgary"
2020-11-25,"Calgary","Other","Constant Fire Protection Systems Ltd., Calgary"
2020-11-25,"Calgary","Other","Dafco, Calgary"
2020-11-25,"Calgary","Other","Dr. Clara Christie Learning Centre Daycare, Calgary"
2020-11-25,"Calgary","Other","Goodfood Market, Calgary"
2020-11-25,"Calgary","Other","Harmony Beef, Rocky View County"
2020-11-25,"Calgary","Other","Hunter Logistics Ltd., Calgary"
2020-11-25,"Calgary","Other","Kal Tire (6607 MacleodTrail SW), Calgary"
2020-11-25,"Calgary","Other","King of Glory Chapel, Calgary"
2020-11-25,"Calgary","Other","Little Angels Daycare, Airdrie"
2020-11-25,"Calgary","Other","Little Worlds Learning Centre, Calgary"
2020-11-25,"Calgary","Other","Merlin Plastics, Calgary"
2020-11-25,"Calgary","Other","Metrie Canada, Calgary"
2020-11-25,"Calgary","Other","Private gathering, Calgary"
2020-11-25,"Calgary","Other","Private gathering, Chestermere"
2020-11-25,"Calgary","Other","Provision Analytics Inc., Calgary"
2020-11-25,"Calgary","Other","Real Canadian Superstore (3633 Westwinds Dr. NE), Calgary"
2020-11-25,"Calgary","Other","Sheldon M. Chumir iOAT program, Calgary"
2020-11-25,"Calgary","Other","Sport cohorts (2), Calgary"
2020-11-25,"Calgary","Other","University of Calgary Women's Basketball Team"
2020-11-25,"Calgary","Other","Walmart Logistics, Calgary"
2020-11-25,"Calgary","Other","West Springs Veterinary Hospital, Calgary"
2020-11-25,"South","Acute","Chinook Regional Hospital, Lethbridge"
2020-11-25,"South","LTC","Edith Cavell Care Centre, Lethbridge"
2020-11-25,"South","SLC","Agecare Sunrise Gardens, Brooks"
2020-11-25,"South","SLC","Good Samaritan West Highland Centre, Lethbridge"
2020-11-25,"South","SLC","Newbrook Lodge, Brooks"
2020-11-25,"South","SLC","South Country Village, Medicine Hat"
2020-11-25,"South","Other","House of Cars, Lethbridge"
2020-11-25,"South","Other","Private dayhome, Medicine Hat"
2020-11-25,"South","Other","Private gatherings (2), Lethbridge"
2020-11-25,"South","Other","Redcliff Legion"
2020-11-25,"South","Other","Studio Elle, Brooks"
2020-11-25,"South","Other","Top Hat Adult Entertainment, Lethbridge"
