"DATE","ZONE","GOA_TYPE","LOCATION"
2021-01-12,"North","Acute","George McDougall - Smoky Lake Healthcare Centre"
2021-01-12,"North","Acute","High Prairie Health Complex"
2021-01-12,"North","Acute","Mayerthorpe Healthcare Centre"
2021-01-12,"North","Acute","Queen Elizabeth II Hospital, Grande Prairie"
2021-01-12,"North","Acute","Sacred Heart Community Health Centre, McLennan"
2021-01-12,"North","Acute","St. Therese - St. Paul Healthcare Centre"
2021-01-12,"North","Acute","William J. Cadzow - Lac La Biche Healthcare Centre"
2021-01-12,"North","LTC","Extendicare Mayerthorpe"
2021-01-12,"North","LTC","Grande Prairie Care Centre"
2021-01-12,"North","LTC","Mackenzie Place Continuing Care Centre, Grande Prairie"
2021-01-12,"North","LTC","Westlock Continuing Care Centre"
2021-01-12,"North","SLC","Heimstaed Lodge, La Crete"
2021-01-12,"North","SLC","Jasper Alpine Summit Seniors Lodge"
2021-01-12,"North","SLC","Prairie Lake Supportive Living, Grande Prairie"
2021-01-12,"North","SLC","St. Lawrence Centre, Grande Prairie"
2021-01-12,"North","SLC","Sunnyside Manor, St. Paul"
2021-01-12,"North","Other","Anzac Lodge"
2021-01-12,"North","Other","Cenovus Christina Lake, Conklin"
2021-01-12,"North","Other","Cenovus Foster Creek, Cold Lake"
2021-01-12,"North","Other","Chevron worksite, Fox Creek"
2021-01-12,"North","Other","CNRL Albian, Regional Municipality of Wood Buffalo"
2021-01-12,"North","Other","CNRL Horizon, Regional Municipality of Wood Buffalo"
2021-01-12,"North","Other","Dr. Margaret Savage Crisis Centre, Cold Lake"
2021-01-12,"North","Other","Imperial Oil, Cold Lake"
2021-01-12,"North","Other","Kearl Lake work site, Fort Mckay"
2021-01-12,"North","Other","McCullough Centre, Gunn"
2021-01-12,"North","Other","Rotary House, Grande Prairie"
2021-01-12,"North","Other","Suncor base plant, Regional Municipality of Wood Buffalo"
2021-01-12,"North","Other","Suncor Fort Hills, Regional Municipality of Wood Buffalo"
2021-01-12,"North","Other","Syncrude Aurora, Regional Municipality of Wood Buffalo"
2021-01-12,"North","Other","Syncrude Mildred Lake site, Regional Municipality of Wood Buffalo"
2021-01-12,"Edmonton","Acute","Cross Cancer Institute, Edmonton"
2021-01-12,"Edmonton","Acute","Fort Saskatchewan Community Hospital"
2021-01-12,"Edmonton","Acute","Glenrose Rehabilitation Hospital, Edmonton"
2021-01-12,"Edmonton","Acute","Grey Nuns Community Hospital, Edmonton"
2021-01-12,"Edmonton","Acute","Misericordia Community Hospital, Edmonton"
2021-01-12,"Edmonton","Acute","Royal Alexandra Hospital, Edmonton"
2021-01-12,"Edmonton","Acute","University of Alberta Hospital, Edmonton"
2021-01-12,"Edmonton","Acute","Villa Caritas, Edmonton"
2021-01-12,"Edmonton","LTC","Allen Gray Continuing Care Centre, Edmonton"
2021-01-12,"Edmonton","LTC","Aspen House, Morinville"
2021-01-12,"Edmonton","LTC","Benevolence Care Centre, Edmonton"
2021-01-12,"Edmonton","LTC","Capital Care Dickinsfield, Edmonton"
2021-01-12,"Edmonton","LTC","Capital Care Grandview, Edmonton"
2021-01-12,"Edmonton","LTC","Capital Care Lynnwood, Edmonton"
2021-01-12,"Edmonton","LTC","Capital Care Norwood, Edmonton"
2021-01-12,"Edmonton","LTC","Capital Care Strathcona, Sherwood Park"
2021-01-12,"Edmonton","LTC","Citadel Care Centre, St. Albert"
2021-01-12,"Edmonton","LTC","Covenant Health St. Joseph's, Edmonton"
2021-01-12,"Edmonton","LTC","Covenant Health Youville Home, St. Albert"
2021-01-12,"Edmonton","LTC","Devonshire Care Centre, Edmonton"
2021-01-12,"Edmonton","LTC","Edmonton Chinatown Care Centre"
2021-01-12,"Edmonton","LTC","Edmonton General Continuing Care Centre"
2021-01-12,"Edmonton","LTC","Good Samaritan Southgate, Edmonton"
2021-01-12,"Edmonton","LTC","Good Samaritan Stony Plain Care Centre"
2021-01-12,"Edmonton","LTC","Grand Manor, Edmonton"
2021-01-12,"Edmonton","LTC","Hardisty Care Centre, Edmonton"
2021-01-12,"Edmonton","LTC","Jasper Place Continuing Care Centre, Edmonton"
2021-01-12,"Edmonton","LTC","Jubilee Lodge Nursing Home, Edmonton"
2021-01-12,"Edmonton","LTC","Kipnes Centre for Veterans, Edmonton"
2021-01-12,"Edmonton","LTC","Laurier House Lynnwood, Edmonton"
2021-01-12,"Edmonton","LTC","Lifestyle Options Schonsee, Edmonton"
2021-01-12,"Edmonton","LTC","Mactaggart Place Retirement Residence, Edmonton"
2021-01-12,"Edmonton","LTC","Miller Crossing Care Centre, Edmonton"
2021-01-12,"Edmonton","LTC","Millwoods Manor, Edmonton"
2021-01-12,"Edmonton","LTC","Millwoods Shepherd's Care Centre, Edmonton"
2021-01-12,"Edmonton","LTC","Rivercrest Care Centre, Fort Saskatchewan"
2021-01-12,"Edmonton","LTC","Salem Manor, Leduc"
2021-01-12,"Edmonton","LTC","Shepherd's Care Eden House, Edmonton"
2021-01-12,"Edmonton","LTC","Shepherd's Care Kensington Village, Edmonton"
2021-01-12,"Edmonton","LTC","Sherwood Care, Sherwood Park"
2021-01-12,"Edmonton","LTC","St. Michael's long-term care centre, Edmonton"
2021-01-12,"Edmonton","LTC","Southside Manor, Edmonton"
2021-01-12,"Edmonton","LTC","South Terrace Continuing Care, Edmonton"
2021-01-12,"Edmonton","LTC","Venta Care Centre, Edmonton"
2021-01-12,"Edmonton","SLC","Ambrose Place, Edmonton"
2021-01-12,"Edmonton","SLC","Ashbourne, Edmonton"
2021-01-12,"Edmonton","SLC","Bissell Centre, Hope Terrace, Edmonton"
2021-01-12,"Edmonton","SLC","Capital Care McConnell Place North, Edmonton"
2021-01-12,"Edmonton","SLC","Catholic Social Services St. Andre, Edmonton"
2021-01-12,"Edmonton","SLC","Catholic Social Services Tabitha Place, Edmonton"
2021-01-12,"Edmonton","SLC","Chartwell Griesbach, Edmonton"
2021-01-12,"Edmonton","SLC","Chartwell Hawthorne, Edmonton"
2021-01-12,"Edmonton","SLC","Chartwell Heritage Valley, Edmonton"
2021-01-12,"Edmonton","SLC","Chartwell St. Albert Retirement Residence"
2021-01-12,"Edmonton","SLC","Chinese Seniors Lodge, Edmonton"
2021-01-12,"Edmonton","SLC","Covenant Care Chateau Vitaline, Beaumont"
2021-01-12,"Edmonton","SLC","Devonshire Village, Edmonton"
2021-01-12,"Edmonton","SLC","Discovery Place, The Heights, Devon"
2021-01-12,"Edmonton","SLC","Emmanuel Home, Edmonton"
2021-01-12,"Edmonton","SLC","Excel Society Balwin Villas, Edmonton"
2021-01-12,"Edmonton","SLC","Garneau Hall, Edmonton"
2021-01-12,"Edmonton","SLC","Glastonbury Mews Retirement Home, Edmonton"
2021-01-12,"Edmonton","SLC","Golden Age Manor, Edmonton"
2021-01-12,"Edmonton","SLC","Good Samaritan Dr. Gerald Zetter Care Centre, Edmonton"
2021-01-12,"Edmonton","SLC","Good Samaritan George Henning Place, Stony Plain"
2021-01-12,"Edmonton","SLC","Good Samaritan group home, Edmonton"
2021-01-12,"Edmonton","SLC","Good Samaritan Millwoods Centre, Edmonton"
2021-01-12,"Edmonton","SLC","Good Samaritan Wedman House, Edmonton"
2021-01-12,"Edmonton","SLC","Greater Edmonton Foundation Seniors Housing Beverly Place"
2021-01-12,"Edmonton","SLC","Greater Edmonton Foundation Seniors Housing Meadowlark Place Lodge"
2021-01-12,"Edmonton","SLC","Kiwanis Place Lodge, Edmonton"
2021-01-12,"Edmonton","SLC","Laurel Heights Retirement Residence, Edmonton"
2021-01-12,"Edmonton","SLC","Lifestyle Options Terra Losa, Edmonton"
2021-01-12,"Edmonton","SLC","Lifestyle Options Whitemud, Edmonton"
2021-01-12,"Edmonton","SLC","LoSeCa Foundation Beverly, Edmonton"
2021-01-12,"Edmonton","SLC","McConachie Gardens Retirement Living, Edmonton"
2021-01-12,"Edmonton","SLC","McMan Youth, Family and Community Services, Condor Lodge, Edmonton"
2021-01-12,"Edmonton","SLC","Mirka Care Services Ozerna II, Edmonton"
2021-01-12,"Edmonton","SLC","New Delton Community Home, Edmonton"
2021-01-12,"Edmonton","SLC","Nihgi Mtis Senior Lodge, Edmonton"
2021-01-12,"Edmonton","SLC","Ottewell Place Lodge, Edmonton"
2021-01-12,"Edmonton","SLC","Private group homes (4), Edmonton"
2021-01-12,"Edmonton","SLC","Rehoboth Christian Ministries homes (2), Edmonton"
2021-01-12,"Edmonton","SLC","Riverbend Retirement Residences, Edmonton"
2021-01-12,"Edmonton","SLC","Rosedale Estates, Edmonton"
2021-01-12,"Edmonton","SLC","Rosslyn Place Lodge, Edmonton"
2021-01-12,"Edmonton","SLC","Shepherd's Care Vanguard, Edmonton"
2021-01-12,"Edmonton","SLC","Sprucewood Place, Edmonton"
2021-01-12,"Edmonton","SLC","St. Albert Retirement Residence"
2021-01-12,"Edmonton","SLC","St. Thomas Health Centre, Edmonton"
2021-01-12,"Edmonton","SLC","Touchmark Wedgewood Assisted Living, Edmonton"
2021-01-12,"Edmonton","SLC","Tralee Residential Services home, Edmonton"
2021-01-12,"Edmonton","SLC","Village at Westmount, Edmonton"
2021-01-12,"Edmonton","SLC","Villa Marguerite, Edmonton"
2021-01-12,"Edmonton","SLC","Virginia Park Lodge, Edmonton"
2021-01-12,"Edmonton","SLC","Winnifred Stewart Association group home, Edmonton"
2021-01-12,"Edmonton","Other","Amazon warehouse, Edmonton"
2021-01-12,"Edmonton","Other","Canada Bread Company"
2021-01-12,"Edmonton","Other","CEPP Gabrielle-Roy, Edmonton"
2021-01-12,"Edmonton","Other","Edmonton Convention Centre"
2021-01-12,"Edmonton","Other","Edmonton Institution"
2021-01-12,"Edmonton","Other","Edmonton Institution for Women"
2021-01-12,"Edmonton","Other","Edmonton People in Need Society"
2021-01-12,"Edmonton","Other","Edmonton Remand Centre"
2021-01-12,"Edmonton","Other","Hope Mission, Edmonton"
2021-01-12,"Edmonton","Other","Logican Technologies, Edmonton"
2021-01-12,"Edmonton","Other","Maple Leaf Poultry, Edmonton"
2021-01-12,"Edmonton","Other","Menisa Day Daycare, Edmonton"
2021-01-12,"Edmonton","Other","Oliver Centre, Edmonton"
2021-01-12,"Edmonton","Other","Operation Friendship Senior Society Rooming House, Edmonton"
2021-01-12,"Edmonton","Other","Parkland RCMP detachment, Edmonton"
2021-01-12,"Edmonton","Other","Recovery Acres Addiction Centre, Edmonton"
2021-01-12,"Edmonton","Other","Skills Society Housing, Edmonton"
2021-01-12,"Edmonton","Other","Sofina Foods Inc., Edmonton"
2021-01-12,"Edmonton","Other","Stan Daniel Healing Centre, Edmonton"
2021-01-12,"Edmonton","Other","Strathcona Tender Loving Daycare, Edmonton"
2021-01-12,"Edmonton","Other","Stepping Stones Kensington Child Development Centre, Edmonton"
2021-01-12,"Edmonton","Other","The Salvation Army Edmonton Centre of Hope"
2021-01-12,"Edmonton","Other","The Salvation Army Stepping Stones supportive residence, Edmonton"
2021-01-12,"Edmonton","Other","Winnifred Steward adult group home, Edmonton"
2021-01-12,"Edmonton","Other","Women's Emergency Accommodation Centre, Edmonton"
2021-01-12,"Central","Acute","Lloydminster Hospital"
2021-01-12,"Central","Acute","Ponoka Hospital & Care Centre"
2021-01-12,"Central","Acute","Red Deer Regional Hospital Centre"
2021-01-12,"Central","Acute","Wetaskiwin Hospital & Care Centre"
2021-01-12,"Central","LTC","Coronation Long Term Care"
2021-01-12,"Central","LTC","Louise Jensen Care Centre, Camrose"
2021-01-12,"Central","LTC","Westview Care Community, Linden"
2021-01-12,"Central","SLC","Catholic Social Services High Garden, Red Deer"
2021-01-12,"Central","SLC","Catholic Social Services group home, Wetaskiwin"
2021-01-12,"Central","SLC","Centennial Centre for Mental Health and Brain Injury, Ponoka"
2021-01-12,"Central","SLC","Consort Hospital and Health Centre"
2021-01-12,"Central","SLC","Doreen Johnson House, Wetaskiwin"
2021-01-12,"Central","SLC","Etana Wells group home, Red Deer"
2021-01-12,"Central","SLC","Extendicare Michener Hill, Red Deer"
2021-01-12,"Central","SLC","Good Shepherd Lutheran Home, Wetaskiwin"
2021-01-12,"Central","SLC","Hillside Lodge, Two Hills"
2021-01-12,"Central","SLC","Private group home, Red Deer"
2021-01-12,"Central","SLC","Points West Living, Red Deer"
2021-01-12,"Central","SLC","Points West Living, Stettler"
2021-01-12,"Central","SLC","Points West Living, Wetaskiwin"
2021-01-12,"Central","SLC","Providence Place Daysland, Daysland"
2021-01-12,"Central","SLC","Revera Aspen Ridge, Red Deer"
2021-01-12,"Central","SLC","Robin Hood Association residences (7), Sherwood Park"
2021-01-12,"Central","SLC","Seasons Camrose"
2021-01-12,"Central","SLC","Seasons Olds"
2021-01-12,"Central","SLC","Unlimited Potential Community Services Lotus House, Wetaskiwin"
2021-01-12,"Central","SLC","Vegreville Association for Living with Dignity"
2021-01-12,"Central","SLC","Vegreville Homestead Senior Citizen's Lodge"
2021-01-12,"Central","SLC","Vermilion Valley Lodge"
2021-01-12,"Central","Other","Kentwood Place, Red Deer"
2021-01-12,"Central","Other","Montair Aviation, Springbrook"
2021-01-12,"Central","Other","Olymel, Red Deer"
2021-01-12,"Central","Other","Red Deer Remand Centre"
2021-01-12,"Central","Other","Vegreville Association for Living in Dignity"
2021-01-12,"Central","Other","Wetaskiwin Hub"
2021-01-12,"Calgary","Acute","Foothills Medical Centre, Calgary"
2021-01-12,"Calgary","Acute","Peter Lougheed Centre, Calgary"
2021-01-12,"Calgary","Acute","South Health Campus, Calgary"
2021-01-12,"Calgary","Acute","Strathmore Hospital"
2021-01-12,"Calgary","LTC","Agecare Glenmore, Calgary"
2021-01-12,"Calgary","LTC","Bethany Airdrie"
2021-01-12,"Calgary","LTC","Bethany, Calgary"
2021-01-12,"Calgary","LTC","Bethany Riverview, Calgary"
2021-01-12,"Calgary","LTC","Bow View Manor, Calgary"
2021-01-12,"Calgary","LTC","Cambridge Manor, Calgary"
2021-01-12,"Calgary","LTC","Carewest Sarcee, Calgary"
2021-01-12,"Calgary","LTC","Dr. Vernon Fanning Centre, Calgary"
2021-01-12,"Calgary","LTC","Generations Calgary"
2021-01-12,"Calgary","LTC","Glamorgan Care Centre, Calgary"
2021-01-12,"Calgary","LTC","Intercare Brentwood, Calgary"
2021-01-12,"Calgary","LTC","Intercare Southwood, Calgary"
2021-01-12,"Calgary","LTC","Mayfair Care Centre, Calgary"
2021-01-12,"Calgary","LTC","McKenzie Towne Long Term Care, Calgary"
2021-01-12,"Calgary","LTC","Origin at Spring Creek, Canmore"
2021-01-12,"Calgary","LTC","Revera Bow-Crest, Calgary"
2021-01-12,"Calgary","LTC","Summit Care Newport Harbour, Calgary"
2021-01-12,"Calgary","LTC","Wentworth Manor Court, Calgary"
2021-01-12,"Calgary","LTC","Wing Kei Crescent Heights, Calgary"
2021-01-12,"Calgary","SLC","Academy of Aging, Calgary"
2021-01-12,"Calgary","SLC","Agape Hospice, Calgary"
2021-01-12,"Calgary","SLC","Agecare Midnapore, Calgary"
2021-01-12,"Calgary","SLC","Agecare Sagewood, Strathmore"
2021-01-12,"Calgary","SLC","Agecare Skypointe, Calgary"
2021-01-12,"Calgary","SLC","Agecare Walden Heights, Calgary"
2021-01-12,"Calgary","SLC","Amica Aspen Woods, Calgary"
2021-01-12,"Calgary","SLC","Amica Britannia, Calgary"
2021-01-12,"Calgary","SLC","Auburn Heights Retirement Residence, Calgary"
2021-01-12,"Calgary","SLC","Beaver Dam Lodge, Calgary"
2021-01-12,"Calgary","SLC","Carewest George Boyack, Calgary"
2021-01-12,"Calgary","SLC","Carewest Glenmore Park, Calgary"
2021-01-12,"Calgary","SLC","Carewest Rouleau Manor, Calgary"
2021-01-12,"Calgary","SLC","Clifton Manor, Calgary"
2021-01-12,"Calgary","SLC","Covenant Care St. Teresa Place, Calgary"
2021-01-12,"Calgary","SLC","Covenant Living, Evanston Summit, Calgary"
2021-01-12,"Calgary","SLC","Dulcina Hospice Calgary"
2021-01-12,"Calgary","SLC","Evanston Grand Village, Calgary"
2021-01-12,"Calgary","SLC","Extendicare Cedars Villa, Calgary"
2021-01-12,"Calgary","SLC","Holy Cross Manor, Calgary"
2021-01-12,"Calgary","SLC","Kingsland Terrace Supportive Living, Calgary"
2021-01-12,"Calgary","SLC","McKenzie Town Retirement Residence, Calgary"
2021-01-12,"Calgary","SLC","Origin Retirement Communities Whitehorn Village, Calgary"
2021-01-12,"Calgary","SLC","Revera Edgemont, Calgary"
2021-01-12,"Calgary","SLC","Revera Evergreen Retirement Living, Calgary"
2021-01-12,"Calgary","SLC","Silvera for Seniors Aspen Lodge, Calgary"
2021-01-12,"Calgary","SLC","Silvera for Seniors Westview, Calgary"
2021-01-12,"Calgary","SLC","Southwood Hospice, Calgary"
2021-01-12,"Calgary","SLC","St. Marguerite Manor, Calgary"
2021-01-12,"Calgary","SLC","Supported Lifestyles Group Home, Calgary"
2021-01-12,"Calgary","SLC","The Alex, Abbeydale program, Calgary"
2021-01-12,"Calgary","SLC","The Hamlets at Cedarwood Station, Airdrie"
2021-01-12,"Calgary","SLC","United Active Living at Fish Creek, Calgary"
2021-01-12,"Calgary","SLC","United Active Living Garrison Green, Calgary"
2021-01-12,"Calgary","SLC","URSA group home, Calgary"
2021-01-12,"Calgary","SLC","Wheatland Lodge, Strathmore"
2021-01-12,"Calgary","Other","Amazon warehouse, Rocky View County"
2021-01-12,"Calgary","Other","Brightpath McKenzie Towne Childcare Centre, Calgary"
2021-01-12,"Calgary","Other","Calfrac Well Service Ltd., Calgary"
2021-01-12,"Calgary","Other","Calgary Alpha House"
2021-01-12,"Calgary","Other","Calgary Dream Centre"
2021-01-12,"Calgary","Other","Calgary Drop-In Centre"
2021-01-12,"Calgary","Other","Calgary Remand Centre"
2021-01-12,"Calgary","Other","Canem Systems Plan Group Joint Venture, Calgary"
2021-01-12,"Calgary","Other","Cargill Case Ready, Calgary"
2021-01-12,"Calgary","Other","Centre of Hope, Calgary"
2021-01-12,"Calgary","Other","Coded Minds Childcare, Calgary"
2021-01-12,"Calgary","Other","Freeport Distribution Centre, Calgary"
2021-01-12,"Calgary","Other","Goodfood Market, Calgary"
2021-01-12,"Calgary","Other","Kids Ave Early Learning Centre, Calgary"
2021-01-12,"Calgary","Other","Kids and Company Evanston Manor NW location, Calgary"
2021-01-12,"Calgary","Other","Lilydale Sofina Foods, Calgary"
2021-01-12,"Calgary","Other","Montessori Casa Killarney Childcare, Calgary"
2021-01-12,"Calgary","Other","Nakiska Ski Lodge"
2021-01-12,"Calgary","Other","Lake Louise Ski Area"
2021-01-12,"Calgary","Other","Panda Childcare, Calgary"
2021-01-12,"Calgary","Other","Refresco Canada, Calgary"
2021-01-12,"Calgary","Other","Seafood City Supermarket, Calgary"
2021-01-12,"Calgary","Other","The Mustard Seed Foothills Shelter, Calgary"
2021-01-12,"Calgary","Other","Universal Rehabilitation Service Agency, Calgary"
2021-01-12,"Calgary","Other","Walmart Logistics, Balzac"
2021-01-12,"Calgary","Other","Walmart Logistics, Calgary"
2021-01-12,"Calgary","Other","Walmart Logistics, Rocky View County"
2021-01-12,"South","SLC","Bethesda Care Home, Picture Butte"
2021-01-12,"South","SLC","Meadowlands, Medicine Hat"
2021-01-12,"South","SLC","The View at Lethbridge"
2021-01-12,"South","Other","Rehoboth Christian Ministries, Coaldale"
2021-01-12,"South","Other","Lethbridge Alpha House"
2021-01-12,"South","Other","SASHA House, Lethbridge"
2021-01-12,"South","Other","Whole Leaf Produce, Coaldale"
