"DATE","ZONE","GOA_TYPE","LOCATION"
2020-10-22,"North","SLC","Prairie Lakes Senior Facility, Grande Prairie"
2020-10-22,"North","Other","CNRL Horizon, Fort McMurray"
2020-10-22,"North","Other","Fairmont Jasper Park Lodge, Jasper"
2020-10-22,"North","Other","Family gatherings, La Crete"
2020-10-22,"North","Other","Private gathering, Bonnyville"
2020-10-22,"North","Other","RCMP detachment, Grande Prairie"
2020-10-22,"North","Other","Suncor base plant, Fort McMurray"
2020-10-22,"North","Other","Syncrude Mildred Lake site, Fort McMurray"
2020-10-22,"North","Other","Walmart Supercentre, Grande Prairie"
2020-10-22,"Edmonton","Acute","Leduc Community Hospital"
2020-10-22,"Edmonton","Acute","Misericordia Community Hospital, Edmonton"
2020-10-22,"Edmonton","Acute","University of Alberta Hospital (Mazankowski Alberta Heart Institute), Edmonton"
2020-10-22,"Edmonton","LTC","Capital Care, Lynnwood, Edmonton"
2020-10-22,"Edmonton","LTC","Capital Care, Norwood, Edmonton"
2020-10-22,"Edmonton","LTC","Capital Care, Strathcona, Edmonton"
2020-10-22,"Edmonton","LTC","Edmonton Chinatown Care Centre"
2020-10-22,"Edmonton","LTC","Edmonton General Care Centre"
2020-10-22,"Edmonton","LTC","Extendicare Eaux Claires, Edmonton"
2020-10-22,"Edmonton","LTC","Kipnes Centre for Veterans, Edmonton"
2020-10-22,"Edmonton","LTC","Lifestyle Options - Whitemud, Edmonton"
2020-10-22,"Edmonton","LTC","Millwoods Shepherd's Care Centre, Edmonton"
2020-10-22,"Edmonton","SLC","Balwin Villa, Edmonton"
2020-10-22,"Edmonton","SLC","Capital Care Dickinsfield adult duplexes, Edmonton"
2020-10-22,"Edmonton","SLC","Garneau Hall, Edmonton"
2020-10-22,"Edmonton","SLC","Ironwood Estates, St. Albert"
2020-10-22,"Edmonton","SLC","Lewis Estates Retirement Residence, Edmonton"
2020-10-22,"Edmonton","SLC","Lifestyle Options Terra Losa, Edmonton"
2020-10-22,"Edmonton","SLC","Robin Hood Association, Sherwood Park"
2020-10-22,"Edmonton","SLC","Spirit of our Youth - McKenzie Home, Edmonton"
2020-10-22,"Edmonton","SLC","St. Albert Retirement Residence"
2020-10-22,"Edmonton","Other","Amnor Powder Coating Ltd., Edmonton"
2020-10-22,"Edmonton","Other","CCI Manufacturing, Edmonton"
2020-10-22,"Edmonton","Other","Edmonton Remand Centre"
2020-10-22,"Edmonton","Other","Hello Fresh warehouse, Edmonton"
2020-10-22,"Edmonton","Other","Hope Mission, Edmonton"
2020-10-22,"Edmonton","Other","Inferno Fitness, Sherwood Park"
2020-10-22,"Edmonton","Other","Private gatherings (3), Edmonton"
2020-10-22,"Edmonton","Other","Quantum Lifecycle Partners LP, Edmonton"
2020-10-22,"Edmonton","Other","Recochem Inc., Nisku"
2020-10-22,"Edmonton","Other","Sport cohort, Edmonton"
2020-10-22,"Edmonton","Other","Walmart Supercentre (Calgary trail location), Edmonton"
2020-10-22,"Calgary","Acute","Foothills Medical Centre, Calgary"
2020-10-22,"Calgary","LTC","Carewest Sarcee, Calgary"
2020-10-22,"Calgary","LTC","Intercare Brentwood, Calgary"
2020-10-22,"Calgary","LTC","Revera Mount Royal Long Term Care Home, Calgary"
2020-10-22,"Calgary","SLC","Agecare Skypointe, Calgary"
2020-10-22,"Calgary","SLC","Carewest George Boyack, Calgary"
2020-10-22,"Calgary","SLC","Extendicare Cedars Villa, Calgary"
2020-10-22,"Calgary","SLC","Spruce Lodge, Calgary"
2020-10-22,"Calgary","Other","Abstract Dance Academy, Chestermere"
2020-10-22,"Calgary","Other","Amazon warehouse, Rocky View County"
2020-10-22,"Calgary","Other","Calgary Correctional Centre"
2020-10-22,"Calgary","Other","Calgary Drop-in and Rehab Centre"
2020-10-22,"Calgary","Other","Calgary Remand Centre"
2020-10-22,"Calgary","Other","Engineered Air (Highfield Plant), Calgary"
2020-10-22,"Calgary","Other","Freeport Distribution Centre (Loblaws), Calgary"
2020-10-22,"Calgary","Other","Park Avenue Furniture (warehouse), Calgary"
2020-10-22,"Calgary","Other","Private gathering, Calgary"
2020-10-22,"Calgary","Other","Real Canadian Superstore (3633 Westwinds Dr. NW), Calgary"
2020-10-22,"Calgary","Other","Renovation crew (Einbau Ltd., Kristhofer Dileone Painting), Canmore"
2020-10-22,"Calgary","Other","Rose and Crown Pub, Calgary"
2020-10-22,"Calgary","Other","TC Energy, Crossfield"
2020-10-22,"South","LTC","Edith Cavell Care Centre, Lethbridge"
2020-10-22,"South","SLC","Columbia Assisted Living, Lethbridge"
2020-10-22,"South","SLC","Extendicare Fairmont Park, Lethbridge"
2020-10-22,"South","SLC","Lethbridge Family Services"
2020-10-22,"South","Other","Cavendish, Lethbridge"
2020-10-22,"South","Other","Children's House Child Care Society, Lethbridge"
2020-10-22,"South","Other","Lethbridge Coalhurst Good News Centre, Coalhurst"
2020-10-22,"South","Other","Meridian Manufacturing, Lethbridge"
2020-10-22,"South","Other","New Life Pentecostal Church (Gospel Fire Evangelical), Lethbridge"
2020-10-22,"South","Other","ROC Christian Ministries, Coaldale"
