"DATE","ZONE","GOA_TYPE","LOCATION"
2020-09-20,"North","Acute","Northern Lights Regional Health Centre"
2020-09-20,"North","Acute","Queen Elizabeth II Hospital, Grande Prairie"
2020-09-20,"North","LTC","La Crete Continuing Care Centre, La Crete"
2020-09-20,"North","SLC","Heimstaed Seniors Lodge, La Crete"
2020-09-20,"North","SLC","Heritage Lodge, Grande Prairie"
2020-09-20,"North","SLC","Homesteader Lodge, Hines Creek"
2020-09-20,"North","SLC","Rehoboth Christian Ministries Northridge Group Home, Grande Prairie"
2020-09-20,"North","SLC","Signature Supports Services, Grande Prairie"
2020-09-20,"North","Other","CNRL Albian, Fort Mackay"
2020-09-20,"North","Other","Earls Kitchen and Bar, Morrison St., Fort McMurray"
2020-09-20,"North","Other","Family gatherings, La Crete"
2020-09-20,"North","Other","Private gathering, Manning"
2020-09-20,"North","Other","Suncor base plant, Fort McMurray"
2020-09-20,"North","Other","Syncrude Aurora site, Fort McMurray"
2020-09-20,"North","Other","Syncrude Mildred Lake site, Fort McMurray"
2020-09-20,"North","Other","Zavisha Sawmills, Hines Creek"
2020-09-20,"Edmonton","LTC","Benevolence Care Centre, Edmonton"
2020-09-20,"Edmonton","LTC","Edmonton Chinatown Care Centre, Edmonton"
2020-09-20,"Edmonton","SLC","Catholic Social Services Gabriel Place, Edmonton"
2020-09-20,"Edmonton","SLC","Lifestyle Options Schonsee Retirement Community, Edmonton"
2020-09-20,"Edmonton","SLC","Lifestyle Options Terra Losa, Edmonton"
2020-09-20,"Edmonton","SLC","Robin Hood Association, Sherwood Park"
2020-09-20,"Edmonton","SLC","Salvation Army Grace Manor, Edmonton"
2020-09-20,"Edmonton","Other","Belfor Property Restoration, Edmonton"
2020-09-20,"Edmonton","Other","Bible Pentecostal Church, Edmonton"
2020-09-20,"Edmonton","Other","Canadian Mat Systems, Edmonton"
2020-09-20,"Edmonton","Other","Capital Fine Meats, Edmonton"
2020-09-20,"Edmonton","Other","Fairmont Hotel Macdonald, Edmonton"
2020-09-20,"Edmonton","Other","Health Link, Edmonton"
2020-09-20,"Edmonton","Other","Walmart Supercentre (Calgary Trail location), Edmonton"
2020-09-20,"Edmonton","Other","WIN House, Edmonton"
2020-09-20,"Edmonton","Other","Windermere Early Learning Centre, Edmonton"
2020-09-20,"Calgary","Acute","Peter Lougheed Centre, Calgary"
2020-09-20,"Calgary","LTC","Intercare Brentwood, Calgary"
2020-09-20,"Calgary","SLC","All Colony Seniors Lodge, Carmangay"
2020-09-20,"Calgary","SLC","Aspen Lodge, MCF Housing, Calgary"
2020-09-20,"Calgary","SLC","Bethany, Calgary"
2020-09-20,"Calgary","SLC","Prince of Peace Manor, Calgary"
2020-09-20,"Calgary","SLC","Prominence Way Retirement Community, Calgary"
2020-09-20,"Calgary","Other","Amazon warehouse, Rocky View County"
2020-09-20,"Calgary","Other","Calgary Drop-in and Rehab Centre"
2020-09-20,"Calgary","Other","Calgary Kidanemhret Ethiopian Orthodox Tewahdo Church"
2020-09-20,"Calgary","Other","Cargill Case Ready, Calgary"
2020-09-20,"Calgary","Other","East West Express, Calgary"
2020-09-20,"Calgary","Other","Harmony Beef, Calgary"
2020-09-20,"Calgary","Other","Lilydale Chicken Processing Plant, Calgary"
