"DATE","ZONE","GOA_TYPE","LOCATION"
2020-07-03,"North","Other","Family gatherings, La Crete"
2020-07-03,"Edmonton","Acute","Misericordia Community Hospital, Edmonton"
2020-07-03,"Edmonton","SLC","Good Samaritan Group Home (Westpark), Edmonton"
2020-07-03,"Edmonton","Other","Earls Kitchen and Grill (Tin Palace), Edmonton"
2020-07-03,"Edmonton","Other","Family gathering - multiple barbeques, Edmonton"
2020-07-03,"Edmonton","Other","Local Public Eatery, Edmonton"
2020-07-03,"Edmonton","Other","The Pint (downtown), Edmonton"
2020-07-03,"Calgary","LTC","Carewest Garrison Green, Calgary"
2020-07-03,"Calgary","LTC","Father Lacombe Nursing Home, Calgary"
2020-07-03,"Calgary","LTC","Generations Calgary"
2020-07-03,"Calgary","LTC","Hillcrest Extendicare, Calgary"
2020-07-03,"Calgary","LTC","Intercare Brentwood Care Centre, Calgary"
2020-07-03,"Calgary","Other","Fibrebuilt Manufacturing, Calgary"
2020-07-03,"Calgary","Other","High rise apartment building, Calgary"
2020-07-03,"South","Other","JBS Foods Canada Inc., Brooks"
