"DATE","ZONE","GOA_TYPE","LOCATION"
2020-04-27,"North","LTC","High Prairie Health Complex, JB Wood Continuing Care Centre, High Prairie"
2020-04-27,"North","SLC","Manoir du Lac, McLennan"
2020-04-27,"Edmonton","SLC","Kensington Village - Shepherd's Manor, Edmonton"
2020-04-27,"Calgary","Acute","Foothills Medical Centre, Calgary"
2020-04-27,"Calgary","LTC","AgeCare Midnapore, Calgary"
2020-04-27,"Calgary","LTC","AgeCare Walden Heights, Calgary"
2020-04-27,"Calgary","LTC","Bethany Calgary, Calgary"
2020-04-27,"Calgary","LTC","Bethany Riverview, Calgary"
2020-04-27,"Calgary","LTC","Bow View Manor, Calgary"
2020-04-27,"Calgary","LTC","Carewest George Boyack, Calgary"
2020-04-27,"Calgary","LTC","Carewest Glenmore Park, Calgary"
2020-04-27,"Calgary","LTC","Carewest Sarcee, Calgary"
2020-04-27,"Calgary","LTC","Chinook Care Centre, Calgary"
2020-04-27,"Calgary","LTC","Clifton Manor, Calgary"
2020-04-27,"Calgary","LTC","High River Long Term Care (in High River Hospital), High River"
2020-04-27,"Calgary","LTC","Intercare Southwood, Calgary"
2020-04-27,"Calgary","LTC","McKenzie Towne Long Term Care, Calgary"
2020-04-27,"Calgary","LTC","Providence Care Centre Ashwood Unit, Calgary"
2020-04-27,"Calgary","SLC","Academy of Aging, Calgary"
2020-04-27,"Calgary","SLC","AgeCare Seton, Calgary"
2020-04-27,"Calgary","SLC","AgeCare Skypointe, Calgary"
2020-04-27,"Calgary","SLC","Cedars Villa Extendicare, Calgary"
2020-04-27,"Calgary","SLC","Hillcrest Extendicare , Calgary"
2020-04-27,"Calgary","SLC","Intercare Brentwood Care Centre, Calgary"
2020-04-27,"Calgary","SLC","Manor Village at Fish Creek Park, Calgary"
2020-04-27,"Calgary","SLC","McKenzie Towne Revera Retirement Residence, Calgary"
2020-04-27,"Calgary","SLC","Millrise Seniors Village, Calgary"
2020-04-27,"Calgary","SLC","Seasons High River, High River"
2020-04-27,"Calgary","SLC","Swan Evergreen Village by Origin, Calgary"
2020-04-27,"Calgary","SLC","Tudor Manor, Okotoks"
2020-04-27,"South","SLC","Orchard Manor, Brooks"
2020-04-27,"South","SLC","Sunrise Gardens, Brooks"
