"DATE","ZONE","GOA_TYPE","LOCATION"
2020-08-16,"North","SLC","Heimstaed Seniors Lodge, La Crete"
2020-08-16,"North","Other","CNRL Albian, Fort Mackay"
2020-08-16,"North","Other","Family gatherings, La Crete"
2020-08-16,"Edmonton","SLC","Ashbourne, Edmonton"
2020-08-16,"Edmonton","SLC","Balwin Villa, Edmonton"
2020-08-16,"Edmonton","SLC","Kiwanis Place Lodge, Edmonton"
2020-08-16,"Edmonton","SLC","Rosslyn Place Lodge, Edmonton"
2020-08-16,"Edmonton","SLC","Shepherd's Care Greenfield, Edmonton"
2020-08-16,"Edmonton","SLC","Shepherd's Gardens Heritage, Edmonton"
2020-08-16,"Edmonton","Other","Private gathering, Edmonton"
2020-08-16,"Edmonton","Other","Private gathering, Spruce Grove"
2020-08-16,"Central","Acute","Red Deer Regional Hospital Centre, Red Deer"
2020-08-16,"Calgary","Acute","Peter Lougheed Centre, Calgary"
2020-08-16,"Calgary","LTC","Bethany, Calgary"
2020-08-16,"Calgary","LTC","Carewest Dr. Vernon Fanning Centre, Calgary"
2020-08-16,"Calgary","LTC","Carewest Sarcee, Calgary"
2020-08-16,"Calgary","LTC","Generations Calgary"
2020-08-16,"Calgary","SLC","Trinity Lodge Retirement Residence, Calgary"
2020-08-16,"Calgary","Other","Cargill Case Ready, Calgary"
2020-08-16,"Calgary","Other","Fledglings Educare Centre, Calgary"
2020-08-16,"Calgary","Other","Private gathering, Calgary"
