"DATE","ZONE","GOA_TYPE","LOCATION"
2020-08-10,"North","SLC","Heimstaed Seniors Lodge, La Crete"
2020-08-10,"North","Other","Family gatherings, La Crete"
2020-08-10,"Edmonton","Acute","Misericordia Community Hospital, Edmonton"
2020-08-10,"Edmonton","SLC","Ashbourne, Edmonton"
2020-08-10,"Edmonton","SLC","Balwin Villa, Edmonton"
2020-08-10,"Edmonton","SLC","Kiwanis Place Lodge, Edmonton"
2020-08-10,"Edmonton","SLC","Rosslyn Place Lodge, Edmonton"
2020-08-10,"Edmonton","SLC","Shepherd's Care Greenfield, Edmonton"
2020-08-10,"Edmonton","SLC","Shepherd's Gardens Heritage, Edmonton"
2020-08-10,"Edmonton","Other","Private gathering, Spruce Grove"
2020-08-10,"Central","Acute","Red Deer Regional Hospital Centre, Red Deer"
2020-08-10,"Calgary","Acute","Peter Lougheed Centre, Calgary"
2020-08-10,"Calgary","LTC","Bethany, Calgary"
2020-08-10,"Calgary","LTC","Carewest Dr. Vernon Fanning Centre, Calgary"
2020-08-10,"Calgary","LTC","Carewest Sarcee, Calgary"
2020-08-10,"Calgary","LTC","Generations Calgary"
2020-08-10,"Calgary","SLC","Trinity Lodge Retirement Residence, Calgary"
2020-08-10,"South","SLC","South Country Village, Medicine Hat"
2020-08-10,"South","Other","Friesen Livestock Ltd, Medicine Hat"
