"DATE","ZONE","GOA_TYPE","LOCATION"
2020-07-16,"North","Other","Family gatherings, La Crete"
2020-07-16,"Edmonton","Acute","Misericordia Community Hospital, Edmonton"
2020-07-16,"Calgary","LTC","Carewest Garrison Green, Calgary"
2020-07-16,"Calgary","LTC","Father Lacombe Nursing Home, Calgary"
2020-07-16,"Calgary","LTC","Generations Calgary"
2020-07-16,"Calgary","Other","FGL Sports Warehouse, Calgary"
2020-07-16,"Calgary","Other","High rise apartment building, Calgary"
2020-07-16,"South","Other","Friesen Livestock Ltd, Medicine Hat"
