"DATE","ZONE","GOA_TYPE","LOCATION"
2020-08-31,"North","Acute","Northern Lights Regional Health Centre"
2020-08-31,"North","LTC","La Crete Continuing Care Centre, La Crete"
2020-08-31,"North","SLC","Heimstaed Seniors Lodge, La Crete"
2020-08-31,"North","SLC","Heritage Lodge, Grande Prairie"
2020-08-31,"North","SLC","Signature Supports Services, Grande Prairie"
2020-08-31,"North","Other","CNRL Albian, Fort Mackay"
2020-08-31,"North","Other","Family gatherings, La Crete"
2020-08-31,"North","Other","Deadwood religious gathering, Manning"
2020-08-31,"Edmonton","Acute","Grey Nuns Community Hospital, Edmonton"
2020-08-31,"Edmonton","LTC","Capital Care Dickinsfield, Edmonton"
2020-08-31,"Edmonton","LTC","Good Samaritan Southgate, Edmonton"
2020-08-31,"Edmonton","LTC","Hardisty Care Centre, Edmonton"
2020-08-31,"Edmonton","LTC","Kensington Village, Edmonton"
2020-08-31,"Edmonton","SLC","Catholic Social Services St. Rita, Edmonton"
2020-08-31,"Edmonton","SLC","Greater Edmonton Foundation Seniors Housing Beverly Place, Edmonton"
2020-08-31,"Edmonton","SLC","ICE Southridge Group Home, Edmonton"
2020-08-31,"Edmonton","SLC","Lifestyle Options Schonsee Retirement Community, Edmonton"
2020-08-31,"Edmonton","SLC","Salvation Army Grace Manor, Edmonton"
2020-08-31,"Edmonton","SLC","Shepherd's Care Vanguard, Edmonton"
2020-08-31,"Edmonton","SLC","Tralee Residential Services, Edmonton"
2020-08-31,"Edmonton","Other","Bible Pentecostal Church, Edmonton"
2020-08-31,"Edmonton","Other","Bright Horizons Childcare, Edmonton"
2020-08-31,"Edmonton","Other","Health Link, Edmonton"
2020-08-31,"Edmonton","Other","Imperial Oil, Strathcona County"
2020-08-31,"Edmonton","Other","Private gathering, Edmonton"
2020-08-31,"Edmonton","Other","Private gathering, Spruce Grove"
2020-08-31,"Edmonton","Other","Royal Food Products, Edmonton"
2020-08-31,"Edmonton","Other","Walmart Supercentre (Calgary Trail location)"
2020-08-31,"Central","Acute","Red Deer Regional Hospital Centre, Red Deer"
2020-08-31,"Calgary","Acute","Peter Lougheed Centre, Calgary"
2020-08-31,"Calgary","LTC","Carewest Sarcee, Calgary"
2020-08-31,"Calgary","LTC","Intercare Brentwood, Calgary"
2020-08-31,"Calgary","SLC","Generations Calgary"
2020-08-31,"Calgary","Other","Calgary Kidanemhret Ethiopian Orthodox Tewahdo Church"
2020-08-31,"Calgary","Other","Cargill Case Ready, Calgary"
2020-08-31,"Calgary","Other","Harmony Beef, Calgary"
2020-08-31,"Calgary","Other","Lilydale Chicken Processing Plant, Calgary"
2020-08-31,"Calgary","Other","Private gatherings, Calgary (4)"
