"DATE","ZONE","GOA_TYPE","LOCATION"
2020-05-31,"North","LTC","JB Wood Continuing Care Centre, High Prairie"
2020-05-31,"North","Other","Civeo Wapasu Creek Lodge (Kearl Lake work camp), Fort Mackay"
2020-05-31,"Edmonton","SLC","Kensington Village - Shepherd's Manor, Edmonton"
2020-05-31,"Calgary","LTC","Bow View Manor, Calgary"
2020-05-31,"Calgary","LTC","Carewest Sarcee, Calgary"
2020-05-31,"Calgary","LTC","High River Long Term Care (in High River Hospital), High River"
2020-05-31,"Calgary","LTC","Intercare Chinook Care Centre, Calgary"
2020-05-31,"Calgary","LTC","McKenzie TowneContinuingCare, Calgary"
2020-05-31,"Calgary","SLC","Academy of Aging, Calgary"
2020-05-31,"Calgary","SLC","Chartwell Eau Claire Retirement Residences, Calgary"
2020-05-31,"Calgary","SLC","Hillcrest Extendicare, Calgary"
2020-05-31,"Calgary","SLC","Intercare Brentwood Care Centre, Calgary"
2020-05-31,"Calgary","SLC","Millrise Place, Calgary"
2020-05-31,"Calgary","SLC","Wentworth Manor, The Residence, Calgary"
2020-05-31,"Calgary","Other","Amazon Fulfillment Centre, Balzac"
2020-05-31,"Calgary","Other","APS Calgary"
2020-05-31,"Calgary","Other","Calgary Alpha House"
2020-05-31,"Calgary","Other","Canada Post, Calgary"
2020-05-31,"Calgary","Other","Cargill Staff and Contractors, High River"
2020-05-31,"Calgary","Other","Calgary Drop-In Rehab Centre Society"
2020-05-31,"Calgary","Other","Calgary Refrigerated Warehouse"
2020-05-31,"Calgary","Other","Cascade Recovery+, Calgary"
2020-05-31,"Calgary","Other","ECCO Recycling and Energy Corporation, Calgary"
2020-05-31,"Calgary","Other","Fibrebuilt Manufacturing, Calgary"
2020-05-31,"Calgary","Other","Flyers Force, Calgary"
2020-05-31,"Calgary","Other","Golden Happiness Bakery"
2020-05-31,"Calgary","Other","Harmony Beef-Meat packing, Rocky View County"
2020-05-31,"Calgary","Other","CO-OP (Macleod Trail), Calgary"
2020-05-31,"Calgary","Other","CO-OP (Midtown), Calgary"
2020-05-31,"Calgary","Other","Mountain View Poultry, Foothills County"
2020-05-31,"Calgary","Other","Purolator, Calgary"
2020-05-31,"Calgary","Other","Thomas Fresh, Calgary"
2020-05-31,"Calgary","Other","Walmart Logistics Distribution Warehouse, Calgary"
2020-05-31,"Calgary","Other","West Coast Reduction Ltd., Calgary"
2020-05-31,"South","SLC","Agecare Sunrise Gardens, Brooks"
2020-05-31,"South","Other","JBS Foods Canada Inc, Brooks"
2020-05-31,"South","Other","McDonalds, Brooks"
2020-05-31,"South","Other","MCF Feedlots, Brooks"
2020-05-31,"South","Other","Terashita's No Frills, Brooks"
