"DATE","ZONE","GOA_TYPE","LOCATION"
2020-08-20,"North","SLC","Heimstaed Seniors Lodge, La Crete"
2020-08-20,"North","Other","CNRL Albian, Fort Mackay"
2020-08-20,"North","Other","Family gatherings, La Crete"
2020-08-20,"North","Other","Deadwood religious gathering, Manning"
2020-08-20,"Edmonton","Acute","Grey Nuns Community Hospital, Edmonton"
2020-08-20,"Edmonton","SLC","Catholic Social Services St. Rita, Edmonton"
2020-08-20,"Edmonton","SLC","Lifestyle Options Schonsee Retirement Community, Edmonton"
2020-08-20,"Edmonton","SLC","Tralee Residential Services, Edmonton"
2020-08-20,"Edmonton","Other","Bible Pentecostal Church, Edmonton"
2020-08-20,"Edmonton","Other","Imperial Oil, Strathcona County"
2020-08-20,"Edmonton","Other","Private gathering, Edmonton"
2020-08-20,"Edmonton","Other","Private gathering, Spruce Grove"
2020-08-20,"Edmonton","Other","Royal Food Products, Edmonton"
2020-08-20,"Central","Acute","Red Deer Regional Hospital Centre, Red Deer"
2020-08-20,"Calgary","Acute","Peter Lougheed Centre, Calgary"
2020-08-20,"Calgary","LTC","Carewest Dr. Vernon Fanning Centre, Calgary"
2020-08-20,"Calgary","LTC","Carewest Sarcee, Calgary"
2020-08-20,"Calgary","LTC","Generations Calgary"
2020-08-20,"Calgary","Other","Cargill Case Ready, Calgary"
2020-08-20,"Calgary","Other","Fledglings Educare Centre, Calgary"
2020-08-20,"Calgary","Other","Private gatherings, Calgary (2)"
2020-08-20,"South","LTC","Masterpiece Southland Meadows, Medicine Hat"
