"DATE","ZONE","GOA_TYPE","LOCATION"
2020-09-30,"North","SLC","Del-Air Lodge, Manning"
2020-09-30,"North","SLC","Heimstaed Seniors Lodge, La Crete"
2020-09-30,"North","Other","CNRL Albian, Fort Mackay"
2020-09-30,"North","Other","Earls Kitchen and Bar, Morrison St., Fort McMurray"
2020-09-30,"North","Other","Family gatherings, La Crete"
2020-09-30,"North","Other","Private gathering, Bonnyville"
2020-09-30,"North","Other","Private gathering, Manning"
2020-09-30,"North","Other","Suncor base plant, Fort McMurray"
2020-09-30,"North","Other","Syncrude Aurora site, Fort McMurray"
2020-09-30,"North","Other","Syncrude Mildred Lake site, Fort McMurray"
2020-09-30,"North","Other","Zavisha Sawmills, Hines Creek"
2020-09-30,"Edmonton","Acute","Royal Alexandra Hospital, Edmonton"
2020-09-30,"Edmonton","LTC","Benevolence Care Centre, Edmonton"
2020-09-30,"Edmonton","LTC","Edmonton Chinatown Care Centre, Edmonton"
2020-09-30,"Edmonton","LTC","Extendicare Eaux Claires, Edmonton"
2020-09-30,"Edmonton","LTC","Miller Crossing Care Centre, Edmonton"
2020-09-30,"Edmonton","LTC","Millwoods Shepherd's Care Centre, Edmonton"
2020-09-30,"Edmonton","SLC","Lifestyle Options Terra Losa, Edmonton"
2020-09-30,"Edmonton","SLC","Robin Hood Association, Sherwood Park"
2020-09-30,"Edmonton","SLC","Salvation Army Grace Manor, Edmonton"
2020-09-30,"Edmonton","Other","Belfor Property Restoration, Edmonton"
2020-09-30,"Edmonton","Other","Canadian Mat Systems, Edmonton"
2020-09-30,"Edmonton","Other","Capital Fine Meats, Edmonton"
2020-09-30,"Edmonton","Other","Fairmont Hotel Macdonald, Edmonton"
2020-09-30,"Edmonton","Other","Hope Mission, Edmonton"
2020-09-30,"Edmonton","Other","Loomis Express, Edmonton"
2020-09-30,"Edmonton","Other","Portuguese Canadian Bakery, Edmonton"
2020-09-30,"Edmonton","Other","Production World, Edmonton"
2020-09-30,"Edmonton","Other","St. Joseph's College dormitory, University of Alberta, Edmonton"
2020-09-30,"Edmonton","Other","Straightline Chrysler Dodge Ram dealership, Fort Saskatchewan"
2020-09-30,"Edmonton","Other","Hello Fresh warehouse, Edmonton"
2020-09-30,"Edmonton","Other","Walmart Supercentre (Clareview location), Edmonton"
2020-09-30,"Edmonton","Other","WIN House, Edmonton"
2020-09-30,"Edmonton","Other","Windermere Early Learning Centre, Edmonton"
2020-09-30,"Calgary","Acute","Foothills Medical Centre, Calgary"
2020-09-30,"Calgary","LTC","Cambridge Manor, Calgary"
2020-09-30,"Calgary","LTC","Intercare Brentwood, Calgary"
2020-09-30,"Calgary","SLC","Aspen Lodge, MCF Housing, Calgary"
2020-09-30,"Calgary","SLC","Bethany, Calgary"
2020-09-30,"Calgary","SLC","Prince of Peace Manor, Calgary"
2020-09-30,"Calgary","SLC","Wentworth Manor, The Residence, Calgary"
2020-09-30,"Calgary","Other","Amazon warehouse, Rocky View County"
2020-09-30,"Calgary","Other","Calgary Drop-in and Rehab Centre"
2020-09-30,"Calgary","Other","Calgary Kidanemhret Ethiopian Orthodox Tewahdo Church"
2020-09-30,"Calgary","Other","Freeport Distribution Centre (Loblaws), Calgary"
2020-09-30,"Calgary","Other","Harmony Beef, Calgary"
2020-09-30,"Calgary","Other","Worldpac, Aero Dr., Calgary"
2020-09-30,"South","Other","Methanex Corporation, Medicine Hat"
