"DATE","ZONE","GOA_TYPE","LOCATION"
2020-06-14,"North","Other","Civeo Wapasu Creek Lodge (Kearl Lake work camp), Fort Mackay"
2020-06-14,"Edmonton","Acute","Alberta Hospital, Edmonton"
2020-06-14,"Edmonton","SLC","Kensington Village - Shepherd's Manor, Edmonton"
2020-06-14,"Edmonton","Other","Lilydale/Sofina Foods, Edmonton"
2020-06-14,"Calgary","Acute","Claresholm General Hospital"
2020-06-14,"Calgary","LTC","Carewest Colonel Belcher, Calgary"
2020-06-14,"Calgary","LTC","Carewest Sarcee, Calgary"
2020-06-14,"Calgary","LTC","Intercare Chinook Care Centre, Calgary"
2020-06-14,"Calgary","LTC","McKenzie TowneContinuingCare, Calgary"
2020-06-14,"Calgary","SLC","Hillcrest Extendicare, Calgary"
2020-06-14,"Calgary","SLC","Intercare Brentwood Care Centre, Calgary"
2020-06-14,"Calgary","SLC","Wentworth Manor, The Residence, Calgary"
2020-06-14,"Calgary","Other","APC Nutrition Ltd., Calgary"
2020-06-14,"Calgary","Other","Calgary Alpha House"
2020-06-14,"Calgary","Other","Cargill Staff and Contractors, High River"
2020-06-14,"Calgary","Other","Calgary Drop-In Rehab Centre Society"
2020-06-14,"Calgary","Other","Calgary Refrigerated Warehouse"
2020-06-14,"Calgary","Other","Cascade Recovery+, Calgary"
2020-06-14,"Calgary","Other","Calgary Remand Centre, Calgary"
2020-06-14,"Calgary","Other","CO-OP (Macleod Trail), Calgary"
2020-06-14,"Calgary","Other","CO-OP (Midtown), Calgary"
2020-06-14,"Calgary","Other","Dynamic Furniture Corporation, Calgary"
2020-06-14,"Calgary","Other","Fibrebuilt Manufacturing, Calgary"
2020-06-14,"Calgary","Other","Harmony Beef-Meat packing, Rocky View County"
2020-06-14,"Calgary","Other","Purolator, Calgary"
2020-06-14,"Calgary","Other","Walmart Logistics Distribution Warehouse, Calgary"
2020-06-14,"Calgary","Other","West Coast Reduction Ltd., Calgary"
2020-06-14,"South","SLC","Agecare Sunrise Gardens, Brooks"
2020-06-14,"South","Other","JBS Foods Canada Inc., Brooks"
