"DATE","ZONE","GOA_TYPE","LOCATION"
2021-02-02,"North","Acute","Athabasca Healthcare Centre"
2021-02-02,"North","Acute","Mayerthorpe Healthcare Centre"
2021-02-02,"North","Acute","Queen Elizabeth II Hospital, Grande Prairie"
2021-02-02,"North","Acute","St. Therese - St. Paul Healthcare Centre"
2021-02-02,"North","Acute","William J. Cadzow - Lac La Biche Healthcare Centre"
2021-02-02,"North","LTC","Extendicare Bonnyville"
2021-02-02,"North","LTC","Extendicare Mayerthorpe"
2021-02-02,"North","LTC","Grande Prairie Care Centre"
2021-02-02,"North","LTC","William J. Cadzow - Lac La Biche Healthcare Centre, Auxiliary"
2021-02-02,"North","SLC","Bar-V-Nook Manor, Smoky Lake"
2021-02-02,"North","SLC","Keekenow Senior Facility, Wabasca"
2021-02-02,"North","SLC","Prairie Lake Supportive Living, Grande Prairie"
2021-02-02,"North","SLC","Stone Brook Lodge, Grimshaw"
2021-02-02,"North","Other","Cenovus Christina Lake, Conklin"
2021-02-02,"North","Other","Cenovus Foster Creek, Cold Lake"
2021-02-02,"North","Other","CNRL Albian, Regional Municipality of Wood Buffalo"
2021-02-02,"North","Other","CNRL Horizon, Regional Municipality of Wood Buffalo"
2021-02-02,"North","Other","Ed's Auto Salvage, Westlock"
2021-02-02,"North","Other","Edson Continuing Care Centre"
2021-02-02,"North","Other","Imperial Oil, Cold Lake"
2021-02-02,"North","Other","Lakeland Out of the Elements Shelter, Lac La Biche"
2021-02-02,"North","Other","Kearl Lake work site, Fort Mckay"
2021-02-02,"North","Other","McCullough Centre, Gunn"
2021-02-02,"North","Other","Ovintiv Canada Pipestone, Wembley"
2021-02-02,"North","Other","Peace River Correctional Centre"
2021-02-02,"North","Other","Sugarplum Tree Daycare, Peace River"
2021-02-02,"North","Other","Suncor base plant, Regional Municipality of Wood Buffalo"
2021-02-02,"North","Other","Suncor Fort Hills, Regional Municipality of Wood Buffalo"
2021-02-02,"North","Other","Syncrude Aurora, Regional Municipality of Wood Buffalo"
2021-02-02,"North","Other","Syncrude Mildred Lake site, Regional Municipality of Wood Buffalo"
2021-02-02,"North","Other","Tolko Industries, High Level"
2021-02-02,"Edmonton","Acute","Fort Saskatchewan Community Hospital"
2021-02-02,"Edmonton","Acute","Glenrose Rehabilitation Hospital, Edmonton"
2021-02-02,"Edmonton","Acute","Grey Nuns Community Hospital, Edmonton"
2021-02-02,"Edmonton","Acute","Leduc Community Hospital"
2021-02-02,"Edmonton","Acute","Royal Alexandra Hospital, Edmonton"
2021-02-02,"Edmonton","Acute","Sturgeon Community Hospital, St. Albert"
2021-02-02,"Edmonton","Acute","University of Alberta Hospital, Edmonton"
2021-02-02,"Edmonton","LTC","Aspen House, Morinville"
2021-02-02,"Edmonton","LTC","Benevolence Care Centre, Edmonton"
2021-02-02,"Edmonton","LTC","Capital Care Dickinsfield, Edmonton"
2021-02-02,"Edmonton","LTC","Capital Care Grandview, Edmonton"
2021-02-02,"Edmonton","LTC","Capital Care Lynnwood, Edmonton"
2021-02-02,"Edmonton","LTC","Capital Care Norwood, Edmonton"
2021-02-02,"Edmonton","LTC","Capital Care Strathcona, Sherwood Park"
2021-02-02,"Edmonton","LTC","Covenant Health St. Joseph's, Edmonton"
2021-02-02,"Edmonton","LTC","Covenant Health Youville Home, St. Albert"
2021-02-02,"Edmonton","LTC","Devonshire Care Centre, Edmonton"
2021-02-02,"Edmonton","LTC","Extendicare Eaux Claires, Edmonton"
2021-02-02,"Edmonton","LTC","Extendicare Leduc"
2021-02-02,"Edmonton","LTC","Good Samaritan Southgate, Edmonton"
2021-02-02,"Edmonton","LTC","Good Samaritan Stony Plain Care Centre"
2021-02-02,"Edmonton","LTC","Grand Manor, Edmonton"
2021-02-02,"Edmonton","LTC","Hardisty Care Centre, Edmonton"
2021-02-02,"Edmonton","LTC","Jasper Place Continuing Care Centre, Edmonton"
2021-02-02,"Edmonton","LTC","Jubilee Lodge Nursing Home, Edmonton"
2021-02-02,"Edmonton","LTC","Laurier House Lynnwood, Edmonton"
2021-02-02,"Edmonton","LTC","Mactaggart Place Retirement Residence, Edmonton"
2021-02-02,"Edmonton","LTC","Miller Crossing Care Centre, Edmonton"
2021-02-02,"Edmonton","LTC","Millwoods Manor, Edmonton"
2021-02-02,"Edmonton","LTC","Millwoods Shepherd's Care Centre, Edmonton"
2021-02-02,"Edmonton","LTC","Rivercrest Care Centre, Fort Saskatchewan"
2021-02-02,"Edmonton","LTC","Shepherd's Care Eden House, Edmonton"
2021-02-02,"Edmonton","LTC","Shepherd's Care Kensington, Edmonton"
2021-02-02,"Edmonton","LTC","South Terrace Continuing Care, Edmonton"
2021-02-02,"Edmonton","LTC","Venta Care Centre, Edmonton"
2021-02-02,"Edmonton","SLC","Ambrose Place, Edmonton"
2021-02-02,"Edmonton","SLC","Chartwell Emerald Hills Retirement Residence, Sherwood Park"
2021-02-02,"Edmonton","SLC","Chartwell Heritage Valley, Edmonton"
2021-02-02,"Edmonton","SLC","Covenant Care Chateau Vitaline, Beaumont"
2021-02-02,"Edmonton","SLC","Devonshire Village, Edmonton"
2021-02-02,"Edmonton","SLC","Emmanuel Home, Edmonton"
2021-02-02,"Edmonton","SLC","Excel Society group home, Edmonton"
2021-02-02,"Edmonton","SLC","Garneau Hall, Edmonton"
2021-02-02,"Edmonton","SLC","Good Samaritan Dr. Gerald Zetter Care Centre, Edmonton"
2021-02-02,"Edmonton","SLC","Good Samaritan George Henning Place, Stony Plain"
2021-02-02,"Edmonton","SLC","Good Samaritan group home, Edmonton"
2021-02-02,"Edmonton","SLC","Good Samaritan Wedman House, Edmonton"
2021-02-02,"Edmonton","SLC","Greater Edmonton Foundation Seniors Housing Meadowlark Place Lodge"
2021-02-02,"Edmonton","SLC","Laurel Heights Retirement Residence, Edmonton"
2021-02-02,"Edmonton","SLC","Lewis Estates Retirement Residence, Edmonton"
2021-02-02,"Edmonton","SLC","Lifestyle Options Terra Losa, Edmonton"
2021-02-02,"Edmonton","SLC","Lifestyle Options Whitemud, Edmonton"
2021-02-02,"Edmonton","SLC","LoSeCa Foundation Beverly, Edmonton"
2021-02-02,"Edmonton","SLC","McConachie Gardens Retirement Living, Edmonton"
2021-02-02,"Edmonton","SLC","McMan group home, Edmonton"
2021-02-02,"Edmonton","SLC","Private group homes (2), Edmonton"
2021-02-02,"Edmonton","SLC","Providence Centre, Edmonton"
2021-02-02,"Edmonton","SLC","Robin Hood Association residences (2), Sherwood Park"
2021-02-02,"Edmonton","SLC","Rosedale Estates, Edmonton"
2021-02-02,"Edmonton","SLC","Shepherd's Care Vanguard, Edmonton"
2021-02-02,"Edmonton","SLC","Skills Society, Edmonton"
2021-02-02,"Edmonton","SLC","Sprucewood Place, Edmonton"
2021-02-02,"Edmonton","SLC","St. Thomas Health Centre, Edmonton"
2021-02-02,"Edmonton","SLC","Summerwood Village Retirement Residence, Sherwood Park"
2021-02-02,"Edmonton","SLC","Touchmark Wedgewood Assisted Living, Edmonton"
2021-02-02,"Edmonton","SLC","Unlimited Potential Community Services group home, Edmonton"
2021-02-02,"Edmonton","SLC","Villa Marguerite, Edmonton"
2021-02-02,"Edmonton","Other","Aliya's Foods, Edmonton"
2021-02-02,"Edmonton","Other","Amazon warehouse, Edmonton"
2021-02-02,"Edmonton","Other","Amazon warehouse, Nisku"
2021-02-02,"Edmonton","Other","Brightpath Hermitage, Edmonton"
2021-02-02,"Edmonton","Other","Children of the World Daycare, Edmonton"
2021-02-02,"Edmonton","Other","Edmonton Convention Centre"
2021-02-02,"Edmonton","Other","Edmonton Institution"
2021-02-02,"Edmonton","Other","Edmonton People in Need Society"
2021-02-02,"Edmonton","Other","Edmonton Remand Centre"
2021-02-02,"Edmonton","Other","Fort Saskatchewan Correctional Centre"
2021-02-02,"Edmonton","Other","Heartland Petrochemical Complex, Fort Saskatchewan"
2021-02-02,"Edmonton","Other","Kidco Community Sunshine Factory, Edmonton"
2021-02-02,"Edmonton","Other","Kiewit Construction, Edmonton"
2021-02-02,"Edmonton","Other","Lilydale Sofina Foods, Edmonton"
2021-02-02,"Edmonton","Other","Logican Technologies, Edmonton"
2021-02-02,"Edmonton","Other","Maple Leaf Poultry, Edmonton"
2021-02-02,"Edmonton","Other","Michener Allen Auctioneering Ltd., Acheson"
2021-02-02,"Edmonton","Other","My Happy Place Daycare, Stony Plain"
2021-02-02,"Edmonton","Other","Oliver Centre, Edmonton"
2021-02-02,"Edmonton","Other","Parkland RCMP detachment, Edmonton"
2021-02-02,"Edmonton","Other","Recovery Acres Addiction Centre, Edmonton"
2021-02-02,"Edmonton","Other","Shell Scotford, Fort Saskatchewan"
2021-02-02,"Edmonton","Other","Sofina Foods Inc., Edmonton"
2021-02-02,"Edmonton","Other","Stepping Stones Kensington Child Development Centre, Edmonton"
2021-02-02,"Edmonton","Other","Tommy Hilfiger, South Edmonton Common"
2021-02-02,"Edmonton","Other","Tot Spot Academy, St. Albert"
2021-02-02,"Edmonton","Other","Walmart St. Albert"
2021-02-02,"Edmonton","Other","Walmart Supercentre (13703 40 St.), Edmonton"
2021-02-02,"Edmonton","Other","Walmart Windermere, Edmonton"
2021-02-02,"Edmonton","Other","Weir Oil & Gas, Edmonton"
2021-02-02,"Central","Acute","Red Deer Regional Hospital Centre"
2021-02-02,"Central","Acute","St. Mary's Hospital"
2021-02-02,"Central","Acute","Wetaskiwin Hospital & Care Centre"
2021-02-02,"Central","LTC","Coronation Long Term Care"
2021-02-02,"Central","LTC","Vermilion Health Centre"
2021-02-02,"Central","SLC","Catholic Social Services group home, Wetaskiwin"
2021-02-02,"Central","SLC","Doreen Johnson House, Wetaskiwin"
2021-02-02,"Central","SLC","Drumheller Institution"
2021-02-02,"Central","SLC","Good Samaritan Rocky Mountain House"
2021-02-02,"Central","SLC","Parkland group home, Red Deer"
2021-02-02,"Central","SLC","Peace Hills Lodge, Wetaskiwin"
2021-02-02,"Central","SLC","Private group homes (2), Red Deer"
2021-02-02,"Central","SLC","Providence Place Daysland, Daysland"
2021-02-02,"Central","SLC","Seasons Camrose"
2021-02-02,"Central","Other","Love, Fun & Learning Day Home, Red Deer"
2021-02-02,"Central","Other","Olymel, Red Deer"
2021-02-02,"Central","Other","Red Deer Remand Centre"
2021-02-02,"Central","Other","Walmart (south location), Red Deer"
2021-02-02,"Central","Other","Wetaskiwin Hub"
2021-02-02,"Calgary","Acute","Foothills Medical Centre, Calgary"
2021-02-02,"Calgary","Acute","Peter Lougheed Centre, Calgary"
2021-02-02,"Calgary","Acute","Strathmore Hospital"
2021-02-02,"Calgary","LTC","Agecare Glenmore, Calgary"
2021-02-02,"Calgary","LTC","Bethany, Airdrie"
2021-02-02,"Calgary","LTC","Bethany, Calgary"
2021-02-02,"Calgary","LTC","Bethany, Didsbury"
2021-02-02,"Calgary","LTC","Bethany Harvest Hills, Calgary"
2021-02-02,"Calgary","LTC","Bethany Riverview, Calgary"
2021-02-02,"Calgary","LTC","Bow View Manor, Calgary"
2021-02-02,"Calgary","LTC","Carewest Colonel Belcher, Calgary"
2021-02-02,"Calgary","LTC","Dr. Vernon Fanning Centre, Calgary"
2021-02-02,"Calgary","LTC","Generations Calgary"
2021-02-02,"Calgary","LTC","Glamorgan Care Centre, Calgary"
2021-02-02,"Calgary","LTC","Intercare Brentwood, Calgary"
2021-02-02,"Calgary","LTC","Intercare Chinook, Calgary"
2021-02-02,"Calgary","LTC","Intercare Southwood, Calgary"
2021-02-02,"Calgary","LTC","McKenzie Towne Long Term Care, Calgary"
2021-02-02,"Calgary","LTC","Prince of Peace The Harbour, Calgary"
2021-02-02,"Calgary","LTC","Providence Care Centre, Calgary"
2021-02-02,"Calgary","LTC","Revera Bow-Crest, Calgary"
2021-02-02,"Calgary","SLC","Academy of Aging, Calgary"
2021-02-02,"Calgary","SLC","Agecare Midnapore, Calgary"
2021-02-02,"Calgary","SLC","Agecare Sagewood, Strathmore"
2021-02-02,"Calgary","SLC","Agecare Skypointe, Calgary"
2021-02-02,"Calgary","SLC","Agecare Walden Heights, Calgary"
2021-02-02,"Calgary","SLC","Beaver Dam Lodge, Calgary"
2021-02-02,"Calgary","SLC","Carewest George Boyack, Calgary"
2021-02-02,"Calgary","SLC","Carewest Glenmore Park, Calgary"
2021-02-02,"Calgary","SLC","Clifton Manor, Calgary"
2021-02-02,"Calgary","SLC","Covenant Living, Evanston Summit, Calgary"
2021-02-02,"Calgary","SLC","Extendicare Cedars Villa, Calgary"
2021-02-02,"Calgary","SLC","Father Lacombe Nursing Home, Calgary"
2021-02-02,"Calgary","SLC","Kingsland Terrace Supportive Living, Calgary"
2021-02-02,"Calgary","SLC","McKenzie Town Retirement Residence, Calgary"
2021-02-02,"Calgary","SLC","Milrise Senior Village, Calgary"
2021-02-02,"Calgary","SLC","Origin Retirement Communities Whitehorn Village, Calgary"
2021-02-02,"Calgary","SLC","Prince of Peace Manor, Calgary"
2021-02-02,"Calgary","SLC","Private group home, Calgary"
2021-02-02,"Calgary","SLC","Revera Edgemont, Calgary"
2021-02-02,"Calgary","SLC","Revera Scenic Acres, Calgary"
2021-02-02,"Calgary","SLC","Silvera for Seniors Aspen Lodge, Calgary"
2021-02-02,"Calgary","SLC","Southwood Hospice, Calgary"
2021-02-02,"Calgary","SLC","St. Marguerite Manor, Calgary"
2021-02-02,"Calgary","SLC","Strafford Foundation Tudor Manor, Okotoks"
2021-02-02,"Calgary","SLC","Swan Evergreen Village, Calgary"
2021-02-02,"Calgary","SLC","United Active Living Garrison Green, Calgary"
2021-02-02,"Calgary","SLC","URSA group home, Calgary"
2021-02-02,"Calgary","SLC","Wood's Homes, Calgary"
2021-02-02,"Calgary","Other","Amazon sort centre, Balzac"
2021-02-02,"Calgary","Other","Amazon warehouse, Rocky View County"
2021-02-02,"Calgary","Other","ATS Healthcare, Calgary"
2021-02-02,"Calgary","Other","Baker Creek Mountain Resort, Lake Louise"
2021-02-02,"Calgary","Other","Brightpath McKenzie Towne Childcare Centre, Calgary"
2021-02-02,"Calgary","Other","Burger King (4818 17 Ave. SE), Calgary"
2021-02-02,"Calgary","Other","Calgary Alpha House"
2021-02-02,"Calgary","Other","Calgary Alpha House, detox program"
2021-02-02,"Calgary","Other","Calgary Dream Centre"
2021-02-02,"Calgary","Other","Calgary Drop-In Centre"
2021-02-02,"Calgary","Other","Calgary Remand Centre"
2021-02-02,"Calgary","Other","Cargill Case Ready, Calgary"
2021-02-02,"Calgary","Other","Centre of Hope, Calgary"
2021-02-02,"Calgary","Other","Cornerstone Chapel, Calgary"
2021-02-02,"Calgary","Other","Crestview Electric, Calgary"
2021-02-02,"Calgary","Other","Dynamic Furniture Corp., Calgary"
2021-02-02,"Calgary","Other","ECCO Manufacturing, Calgary"
2021-02-02,"Calgary","Other","Engelhart Reed, Calgary"
2021-02-02,"Calgary","Other","Engineered Air, Calgary"
2021-02-02,"Calgary","Other","Enterprise Rent-a-Car - Calgary Airport"
2021-02-02,"Calgary","Other","Fresh Taste Produce, Calgary"
2021-02-02,"Calgary","Other","Harmony Beef, Rocky View County"
2021-02-02,"Calgary","Other","Highline Mushrooms, Crossfield"
2021-02-02,"Calgary","Other","Hood Packaging Corporation, Calgary"
2021-02-02,"Calgary","Other","Kids & Company Smart Tech, Calgary"
2021-02-02,"Calgary","Other","Lilydale Sofina Foods, Calgary"
2021-02-02,"Calgary","Other","Mahogany Learning Centre, Calgary"
2021-02-02,"Calgary","Other","Nakiska Ski Lodge"
2021-02-02,"Calgary","Other","Nutrien, Carseland"
2021-02-02,"Calgary","Other","Sobeys distribution centre, Balzac"
2021-02-02,"Calgary","Other","The Mustard Seed Foothills Shelter, Calgary"
2021-02-02,"Calgary","Other","Universal Rehabilitation Service Agency, Calgary"
2021-02-02,"Calgary","Other","Walmart Deerfoot City, Calgary"
2021-02-02,"Calgary","Other","Walmart Logistics, Balzac"
2021-02-02,"Calgary","Other","Walmart Logistics, Rocky View County"
2021-02-02,"Calgary","Other","Walmart McKenzie. Calgary"
2021-02-02,"South","Acute","Medicine Hat Regional Hospital"
2021-02-02,"South","SLC","Bethesda Care Home, Picture Butte"
2021-02-02,"South","SLC","Meadowlands, Medicine Hat"
2021-02-02,"South","SLC","Rehoboth Christian Ministries, Coaldale"
2021-02-02,"South","SLC","Rehoboth Christian Ministries, Lethbridge"
2021-02-02,"South","SLC","The View at Lethbridge"
2021-02-02,"South","Other","Haul All Equipment, Lethbridge"
2021-02-02,"South","Other","Lethbridge Alpha House"
2021-02-02,"South","Other","Streets Alive Mission, Lethbridge"
