"DATE","ZONE","GOA_TYPE","LOCATION"
2020-08-25,"North","LTC","La Crete Continuing Care Centre, La Crete"
2020-08-25,"North","SLC","Heimstaed Seniors Lodge, La Crete"
2020-08-25,"North","SLC","Heritage Lodge, Grande Prairie"
2020-08-25,"North","SLC","Signature Supports Services, Grande Prairie"
2020-08-25,"North","Other","CNRL Albian, Fort Mackay"
2020-08-25,"North","Other","Family gatherings, La Crete"
2020-08-25,"North","Other","Deadwood religious gathering, Manning"
2020-08-25,"Edmonton","Acute","Grey Nuns Community Hospital, Edmonton"
2020-08-25,"Edmonton","LTC","Capital Care Dickinsfield, Edmonton"
2020-08-25,"Edmonton","LTC","Extendicare Eaux Claires, Edmonton"
2020-08-25,"Edmonton","LTC","Good Samaritan Southgate, Edmonton"
2020-08-25,"Edmonton","LTC","Hardisty Care Centre, Edmonton"
2020-08-25,"Edmonton","LTC","Kensington Village, Edmonton"
2020-08-25,"Edmonton","SLC","Catholic Social Services St. Rita, Edmonton"
2020-08-25,"Edmonton","SLC","ICE Southridge Group Home, Edmonton"
2020-08-25,"Edmonton","SLC","Lifestyle Options Schonsee Retirement Community, Edmonton"
2020-08-25,"Edmonton","SLC","Salvation Army Grace Manor, Edmonton"
2020-08-25,"Edmonton","SLC","Shepherd's Care Vanguard, Edmonton"
2020-08-25,"Edmonton","SLC","Tralee Residential Services, Edmonton"
2020-08-25,"Edmonton","Other","Bible Pentecostal Church, Edmonton"
2020-08-25,"Edmonton","Other","Imperial Oil, Strathcona County"
2020-08-25,"Edmonton","Other","Private gathering, Edmonton"
2020-08-25,"Edmonton","Other","Private gathering, Spruce Grove"
2020-08-25,"Edmonton","Other","Royal Food Products, Edmonton"
2020-08-25,"Central","Acute","Red Deer Regional Hospital Centre, Red Deer"
2020-08-25,"Calgary","Acute","Peter Lougheed Centre, Calgary"
2020-08-25,"Calgary","LTC","Carewest Dr. Vernon Fanning Centre, Calgary"
2020-08-25,"Calgary","LTC","Carewest Sarcee, Calgary"
2020-08-25,"Calgary","LTC","Generations Calgary"
2020-08-25,"Calgary","Other","Cargill Case Ready, Calgary"
2020-08-25,"Calgary","Other","Fledglings Educare Centre, Calgary"
2020-08-25,"Calgary","Other","Lilydale Chicken Processing Plant, Calgary"
2020-08-25,"Calgary","Other","Private gatherings, Calgary (3)"
