"DATE","ZONE","GOA_TYPE","LOCATION"
2021-02-22,"North","Acute","Athabasca Healthcare Centre"
2021-02-22,"North","Acute","Boyle Healthcare Centre"
2021-02-22,"North","Acute","Queen Elizabeth II Hospital, Grande Prairie"
2021-02-22,"North","LTC","Extendicare Bonnyville"
2021-02-22,"North","LTC","Grande Prairie Care Centre"
2021-02-22,"North","LTC","William J. Cadzow - Lac La Biche Healthcare Centre, Auxiliary"
2021-02-22,"North","SLC","Heritage Lodge, Grande Prairie"
2021-02-22,"North","SLC","Points West Living, Peace River"
2021-02-22,"North","SLC","Private group home, Grande Prairie"
2021-02-22,"North","SLC","Signature Support Services, Grande Prairie"
2021-02-22,"North","Other","Care Human Services, Grande Prairie"
2021-02-22,"North","Other","Cenovus Foster Creek, Cold Lake"
2021-02-22,"North","Other","CNRL Albian, Regional Municipality of Wood Buffalo"
2021-02-22,"North","Other","CNRL Horizon, Regional Municipality of Wood Buffalo"
2021-02-22,"North","Other","CNRL Kirby, Regional Municipality of Wood Buffalo"
2021-02-22,"North","Other","Imperial Oil, Cold Lake"
2021-02-22,"North","Other","Legacy Childcare, Slave Lake"
2021-02-22,"North","Other","Kearl Lake work site, Fort Mckay"
2021-02-22,"North","Other","Knowledge Tree Childcare Centre, Valleyview"
2021-02-22,"North","Other","McCullough Centre, Gunn"
2021-02-22,"North","Other","Mercer Peace River"
2021-02-22,"North","Other","Millar Western Forest Products, Whitecourt"
2021-02-22,"North","Other","North American Construction Group, Fort McMurray"
2021-02-22,"North","Other","Peace River Correctional Centre"
2021-02-22,"North","Other","Rotary House, Grande Prairie"
2021-02-22,"North","Other","Shell Gold Creek, Grande Prairie"
2021-02-22,"North","Other","St. Lawrence Centre, Grande Prairie"
2021-02-22,"North","Other","Suncor base plant, Regional Municipality of Wood Buffalo"
2021-02-22,"North","Other","Suncor Fort Hills, Regional Municipality of Wood Buffalo"
2021-02-22,"North","Other","Syncrude Aurora, Regional Municipality of Wood Buffalo"
2021-02-22,"North","Other","Syncrude Mildred Lake site, Regional Municipality of Wood Buffalo"
2021-02-22,"North","Other","Tolko Industries, High Level"
2021-02-22,"North","Other","Walmart, Grande Prairie"
2021-02-22,"North","Other","YMCA Eagle Ridge child care, Fort McMurray"
2021-02-22,"Edmonton","Acute","Misericordia Community Hospital"
2021-02-22,"Edmonton","Acute","Royal Alexandra Hospital, Edmonton"
2021-02-22,"Edmonton","LTC","Aspen House, Morinville"
2021-02-22,"Edmonton","LTC","Capital Care Norwood, Edmonton"
2021-02-22,"Edmonton","LTC","Capital Care Strathcona, Sherwood Park"
2021-02-22,"Edmonton","LTC","Covenant Health St. Josephs, Edmonton"
2021-02-22,"Edmonton","LTC","Covenant Health Youville Home, St. Albert"
2021-02-22,"Edmonton","LTC","Extendicare Eaux Claires, Edmonton"
2021-02-22,"Edmonton","LTC","Extendicare Leduc"
2021-02-22,"Edmonton","LTC","Grand Manor, Edmonton"
2021-02-22,"Edmonton","LTC","Hardisty Care Centre, Edmonton"
2021-02-22,"Edmonton","LTC","Jasper Place Continuing Care Centre, Edmonton"
2021-02-22,"Edmonton","LTC","Jubilee Lodge Nursing Home, Edmonton"
2021-02-22,"Edmonton","LTC","Laurier House Lynnwood, Edmonton"
2021-02-22,"Edmonton","LTC","Mactaggart Place Retirement Residence, Edmonton"
2021-02-22,"Edmonton","LTC","Miller Crossing Care Centre, Edmonton"
2021-02-22,"Edmonton","LTC","Rivercrest Care Centre, Fort Saskatchewan"
2021-02-22,"Edmonton","LTC","Shepherds Care Eden House, Edmonton"
2021-02-22,"Edmonton","SLC","Chartwell Heritage Valley, Edmonton"
2021-02-22,"Edmonton","SLC","Crystal Lily Homes, Edmonton"
2021-02-22,"Edmonton","SLC","Devonshire Village, Edmonton"
2021-02-22,"Edmonton","SLC","Emmanuel Home, Edmonton"
2021-02-22,"Edmonton","SLC","Garneau Hall, Edmonton"
2021-02-22,"Edmonton","SLC","Good Samaritan Dr. Gerald Zetter Care Centre, Edmonton"
2021-02-22,"Edmonton","SLC","Greater Edmonton Foundation Seniors Housing Meadowlark Place Lodge"
2021-02-22,"Edmonton","SLC","Lifestyle Options Terra Losa, Edmonton"
2021-02-22,"Edmonton","SLC","LoSeCa Foundation private group home, St. Albert"
2021-02-22,"Edmonton","SLC","Private group homes (3), Edmonton"
2021-02-22,"Edmonton","SLC","Shepherds Care Vanguard, Edmonton"
2021-02-22,"Edmonton","SLC","St. Thomas Health Centre, Edmonton"
2021-02-22,"Edmonton","SLC","Summerwood Village Retirement Residence, Sherwood Park"
2021-02-22,"Edmonton","SLC","Unlimited Potential Community Services group home, Edmonton"
2021-02-22,"Edmonton","SLC","Villa Marguerite, Edmonton"
2021-02-22,"Edmonton","Other","Acat Metal Drilling, Edmonton"
2021-02-22,"Edmonton","Other","Amazon warehouse, Edmonton"
2021-02-22,"Edmonton","Other","Bird Construction, Edmonton"
2021-02-22,"Edmonton","Other","Bunzi Canada, Edmonton"
2021-02-22,"Edmonton","Other","Children of the World Daycare, Edmonton"
2021-02-22,"Edmonton","Other","CN Rail Walker Yard, Edmonton"
2021-02-22,"Edmonton","Other","Edmonton Convention Centre"
2021-02-22,"Edmonton","Other","Edmonton Institution"
2021-02-22,"Edmonton","Other","Edmonton Remand Centre"
2021-02-22,"Edmonton","Other","Fort Saskatchewan Correctional Centre"
2021-02-22,"Edmonton","Other","Gemini Machineworks Inc., Nisku"
2021-02-22,"Edmonton","Other","Heartland Petrochemical Complex, Fort Saskatchewan"
2021-02-22,"Edmonton","Other","Lilydale Sofina Foods, Edmonton"
2021-02-22,"Edmonton","Other","Logican Technologies, Edmonton"
2021-02-22,"Edmonton","Other","McDonalds Harvest Pointe, Edmonton"
2021-02-22,"Edmonton","Other","Stepping Stones Kensington Child Development Centre, Edmonton"
2021-02-22,"Edmonton","Other","Tipaskin Educational Daycare and Out of School Care, Edmonton"
2021-02-22,"Edmonton","Other","Tot Spot Academy, St. Albert"
2021-02-22,"Edmonton","Other","Walmart St. Albert"
2021-02-22,"Edmonton","Other","Walmart Tamarack, Edmonton"
2021-02-22,"Edmonton","Other","Weir Oil & Gas, Edmonton"
2021-02-22,"Edmonton","Other","YMCA William Lutsky child care, Edmonton"
2021-02-22,"Central","LTC","Bethany Meadows, Camrose"
2021-02-22,"Central","LTC","Vermilion Health Centre"
2021-02-22,"Central","SLC","Doreen Johnson House, Wetaskiwin"
2021-02-22,"Central","SLC","Drumheller Institution"
2021-02-22,"Central","SLC","Extendicare Michener Hill, Red Deer"
2021-02-22,"Central","SLC","Michener Services, Red Deer"
2021-02-22,"Central","SLC","Parkland group home, Red Deer"
2021-02-22,"Central","SLC","Private group homes (2), Red Deer"
2021-02-22,"Central","SLC","Providence Place Daysland, Daysland"
2021-02-22,"Central","SLC","Revera Aspen Ridge, Red Deer"
2021-02-22,"Central","SLC","Seasons Camrose"
2021-02-22,"Central","SLC","Sunset Manor, Innisfail"
2021-02-22,"Central","Other","College Heights Seventh Day Adventist Church, Lacombe"
2021-02-22,"Central","Other","Love, Fun & Learning Day Home, Red Deer"
2021-02-22,"Central","Other","Olymel, Red Deer"
2021-02-22,"Central","Other","Private day home, Penhold"
2021-02-22,"Central","Other","Red Deer Remand Centre"
2021-02-22,"Central","Other","Walmart (south location), Red Deer"
2021-02-22,"Calgary","Acute","Canmore General Hospital"
2021-02-22,"Calgary","Acute","Didsbury Hospital"
2021-02-22,"Calgary","Acute","Strathmore Hospital"
2021-02-22,"Calgary","LTC","Agecare Glenmore, Calgary"
2021-02-22,"Calgary","LTC","Bethany, Airdrie"
2021-02-22,"Calgary","LTC","Bethany, Calgary"
2021-02-22,"Calgary","LTC","Bethany Riverview, Calgary"
2021-02-22,"Calgary","LTC","Carewest Colonel Belcher, Calgary"
2021-02-22,"Calgary","LTC","Carewest Royal Park, Calgary"
2021-02-22,"Calgary","LTC","Glamorgan Care Centre, Calgary"
2021-02-22,"Calgary","LTC","Intercare Southwood, Calgary"
2021-02-22,"Calgary","LTC","Prince of Peace The Harbour, Calgary"
2021-02-22,"Calgary","SLC","Agecare Sagewood, Strathmore"
2021-02-22,"Calgary","SLC","Agecare Walden Heights, Calgary"
2021-02-22,"Calgary","SLC","Beaver Dam Lodge, Calgary"
2021-02-22,"Calgary","SLC","Boardwalk Retirement Community, Calgary"
2021-02-22,"Calgary","SLC","Carewest George Boyack, Calgary"
2021-02-22,"Calgary","SLC","Carewest Glenmore Park, Calgary"
2021-02-22,"Calgary","SLC","Father Lacombe Nursing Home, Calgary"
2021-02-22,"Calgary","SLC","Prince of Peace Manor, Calgary"
2021-02-22,"Calgary","SLC","Revera Edgemont, Calgary"
2021-02-22,"Calgary","SLC","Revera Scenic Acres, Calgary"
2021-02-22,"Calgary","SLC","Silvera for Seniors Aspen Lodge, Calgary"
2021-02-22,"Calgary","SLC","Silvera Valleyview Lodge, Calgary"
2021-02-22,"Calgary","SLC","Southwood Hospice, Calgary"
2021-02-22,"Calgary","SLC","Strafford Foundation Tudor Manor, Okotoks"
2021-02-22,"Calgary","SLC","Swan Evergreen Village, Calgary"
2021-02-22,"Calgary","SLC","United Active Living Garrison Green, Calgary"
2021-02-22,"Calgary","SLC","Vecova group home, Calgary"
2021-02-22,"Calgary","SLC","Woods Homes, Calgary"
2021-02-22,"Calgary","Other","AAA Doors, Calgary"
2021-02-22,"Calgary","Other","Amazon sort centre, Balzac"
2021-02-22,"Calgary","Other","Block 23 construction site, Calgary"
2021-02-22,"Calgary","Other","Calgary Alpha House"
2021-02-22,"Calgary","Other","Calgary Dream Centre"
2021-02-22,"Calgary","Other","Calgary Drop-In Centre"
2021-02-22,"Calgary","Other","Calgary Drop-In Centre warehouse"
2021-02-22,"Calgary","Other","Calgary Remand Centre"
2021-02-22,"Calgary","Other","Cargill Case Ready, Calgary"
2021-02-22,"Calgary","Other","Cargill Foods, High River"
2021-02-22,"Calgary","Other","DCL Construction Services Ltd., Calgary"
2021-02-22,"Calgary","Other","Dexterra group, Balzac"
2021-02-22,"Calgary","Other","Dominion Construction worksite, Calgary"
2021-02-22,"Calgary","Other","Dynamic Furniture Corp., Calgary"
2021-02-22,"Calgary","Other","ECCO Manufacturing, Calgary"
2021-02-22,"Calgary","Other","Engineered Air, Calgary"
2021-02-22,"Calgary","Other","First Impressions day home, Airdrie"
2021-02-22,"Calgary","Other","Harmony Beef, Rocky View County"
2021-02-22,"Calgary","Other","Highline Mushrooms, Crossfield"
2021-02-22,"Calgary","Other","Jesus is Lord Church, Calgary"
2021-02-22,"Calgary","Other","K-Bro Linen, Calgary"
2021-02-22,"Calgary","Other","Lilydale Sofina Foods, Calgary"
2021-02-22,"Calgary","Other","Little Worlds Learning Centre, Calgary"
2021-02-22,"Calgary","Other","Nakiska Ski Lodge"
2021-02-22,"Calgary","Other","Northland Volkswagen, Calgary"
2021-02-22,"Calgary","Other","Nutrien, Carseland"
2021-02-22,"Calgary","Other","Real Canadian Superstore (15915 Macleod Trail SE), Calgary"
2021-02-22,"Calgary","Other","Saputo Dairy Products, Calgary"
2021-02-22,"Calgary","Other","Walmart Deerfoot City, Calgary"
2021-02-22,"Calgary","Other","Walmart Logistics, Rocky View County"
2021-02-22,"Calgary","Other","Walmart McKenzie. Calgary"
2021-02-22,"Calgary","Other","Wildwood Cabinets, Calgary"
2021-02-22,"South","LTC","The Valleyview, Medicine Hat"
2021-02-22,"South","SLC","Meadowlands, Medicine Hat"
2021-02-22,"South","SLC","Quest Support group home, Lethbridge"
2021-02-22,"South","SLC","The View at Lethbridge"
2021-02-22,"South","Other","Haul All Equipment, Lethbridge"
2021-02-22,"South","Other","Lethbridge Alpha House"
