"DATE","ZONE","GOA_TYPE","LOCATION"
2020-06-30,"North","Other","Family gatherings, La Crete"
2020-06-30,"Edmonton","Acute","Misericordia Community Hospital, Edmonton"
2020-06-30,"Edmonton","SLC","Kensington Village - Shepherd's Manor, Edmonton"
2020-06-30,"Edmonton","SLC","Good Samaritan Group Home (Westpark), Edmonton"
2020-06-30,"Edmonton","Other","Earls Kitchen and Grill (Tin Palace), Edmonton"
2020-06-30,"Edmonton","Other","Family gathering - multiple barbeques, Edmonton"
2020-06-30,"Edmonton","Other","GRETA Bar YEG, Edmonton"
2020-06-30,"Edmonton","Other","Local, Edmonton"
2020-06-30,"Edmonton","Other","Materials recovery facility at Edmonton Waste Management Centre"
2020-06-30,"Edmonton","Other","The Pint (downtown), Edmonton"
2020-06-30,"Calgary","LTC","Generations Calgary"
2020-06-30,"Calgary","SLC","Hillcrest Extendicare, Calgary"
2020-06-30,"Calgary","SLC","Intercare Brentwood Care Centre, Calgary"
2020-06-30,"Calgary","Other","Cascade Recovery+, Calgary"
2020-06-30,"Calgary","Other","Fibrebuilt Manufacturing, Calgary"
2020-06-30,"Calgary","Other","High rise apartment building, Calgary"
2020-06-30,"South","Other","JBS Foods Canada Inc., Brooks"
