"DATE","ZONE","GOA_TYPE","LOCATION"
2020-11-05,"North","LTC","Grande Prairie Care Centre"
2020-11-05,"North","LTC","Mayerthorpe Extendicare"
2020-11-05,"North","SLC","Hillcrest Lodge, Barrhead"
2020-11-05,"North","SLC","Prairie Lakes Senior Facility, Grande Prairie"
2020-11-05,"North","Other","CNRL Horizon, Fort McMurray"
2020-11-05,"North","Other","Fairmont Jasper Park Lodge, Jasper"
2020-11-05,"North","Other","Norbord, Grande Prairie"
2020-11-05,"North","Other","Suncor Firebag, Fort McMurray"
2020-11-05,"North","Other","Sport cohort, Fairview"
2020-11-05,"North","Other","Suncor base plant, Fort McMurray"
2020-11-05,"North","Other","Syncrude Mildred Lake site, Fort McMurray"
2020-11-05,"North","Other","Victory Church on the Rock, Grande Prairie"
2020-11-05,"North","Other","Walmart Supercentre, Grande Prairie"
2020-11-05,"Edmonton","Acute","Grey Nuns Community Hospital, Edmonton"
2020-11-05,"Edmonton","Acute","Leduc Community Hospital"
2020-11-05,"Edmonton","Acute","Misericordia Community Hospital, Edmonton"
2020-11-05,"Edmonton","Acute","Royal Alexandra Hospital, Edmonton"
2020-11-05,"Edmonton","Acute","University of Alberta Hospital, Edmonton"
2020-11-05,"Edmonton","Acute","University of Alberta Hospital (Mazankowski Alberta Heart Institute), Edmonton"
2020-11-05,"Edmonton","LTC","Capital Care, Norwood, Edmonton"
2020-11-05,"Edmonton","LTC","Devonshire Care Centre, Edmonton"
2020-11-05,"Edmonton","LTC","Edmonton Chinatown Care Centre"
2020-11-05,"Edmonton","LTC","Edmonton General Care Centre"
2020-11-05,"Edmonton","LTC","Extendicare Eaux Claires, Edmonton"
2020-11-05,"Edmonton","LTC","Extendicare Holyrood, Edmonton"
2020-11-05,"Edmonton","LTC","Good Samaritan, Pembina Village, Evansburg"
2020-11-05,"Edmonton","LTC","Jasper Place Continuing Care Centre, Edmonton"
2020-11-05,"Edmonton","LTC","Kipnes Centre for Veterans, Edmonton"
2020-11-05,"Edmonton","LTC","Millwoods Shepherd's Care Centre, Edmonton"
2020-11-05,"Edmonton","LTC","South Terrace Continuing Care, Edmonton"
2020-11-05,"Edmonton","LTC","Youville Home, St. Albert"
2020-11-05,"Edmonton","SLC","Ambrose Place, Edmonton"
2020-11-05,"Edmonton","SLC","Balwin Villa, Edmonton"
2020-11-05,"Edmonton","SLC","Covenant Care Chateau Vitaline, Edmonton"
2020-11-05,"Edmonton","SLC","Ironwood Estates, St. Albert"
2020-11-05,"Edmonton","SLC","Laurel Heights Retirement Residence, Edmonton"
2020-11-05,"Edmonton","SLC","Lifestyle Options Terra Losa, Edmonton"
2020-11-05,"Edmonton","SLC","Rosedale Estates, Edmonton"
2020-11-05,"Edmonton","SLC","St. Albert Retirement Residence"
2020-11-05,"Edmonton","SLC","Villa Marguerite, Edmonton"
2020-11-05,"Edmonton","Other","Canada Bread Company, Edmonton"
2020-11-05,"Edmonton","Other","C.E.P.P. Garderie La Belle Nature, St. Albert"
2020-11-05,"Edmonton","Other","Heartland Petrochemical Complex, Edmonton"
2020-11-05,"Edmonton","Other","Hello Fresh warehouse, Edmonton"
2020-11-05,"Edmonton","Other","Hope Mission, Edmonton"
2020-11-05,"Edmonton","Other","Inferno Fitness, Sherwood Park"
2020-11-05,"Edmonton","Other","Maple Leaf Poultry, Edmonton"
2020-11-05,"Edmonton","Other","NWR Sturgeon Refinery, Gibbons"
2020-11-05,"Edmonton","Other","Private gatherings (3), Edmonton"
2020-11-05,"Edmonton","Other","Silent-Aire, Nisku"
2020-11-05,"Edmonton","Other","Sport cohort, Edmonton"
2020-11-05,"Edmonton","Other","WF Steel and Crane, Edmonton"
2020-11-05,"Central","Other","Drumheller Institution"
2020-11-05,"Calgary","Acute","Foothills Medical Centre, Calgary"
2020-11-05,"Calgary","Acute","Peter Lougheed Centre, Calgary"
2020-11-05,"Calgary","LTC","Bow-Crest Revera, Calgary"
2020-11-05,"Calgary","LTC","Extendicare Hillcrest, Calgary"
2020-11-05,"Calgary","LTC","Revera Mount Royal Long Term Care Home, Calgary"
2020-11-05,"Calgary","LTC","Wing Kei Care Centre, Calgary"
2020-11-05,"Calgary","SLC","Agecare Skypointe, Calgary"
2020-11-05,"Calgary","SLC","Carewest George Boyack, Calgary"
2020-11-05,"Calgary","SLC","CBI Specialized Community Services, Calgary"
2020-11-05,"Calgary","SLC","Extendicare Cedars Villa, Calgary"
2020-11-05,"Calgary","SLC","Prince of Peace Manor, Calgary"
2020-11-05,"Calgary","SLC","Sage Hill Retirement Residence, Calgary"
2020-11-05,"Calgary","SLC","Spruce Lodge, Calgary"
2020-11-05,"Calgary","SLC","St. Marguerite Manor, Calgary"
2020-11-05,"Calgary","Other","Abstract Dance Academy, Chestermere"
2020-11-05,"Calgary","Other","Amazon warehouse, Rocky View County"
2020-11-05,"Calgary","Other","Calgary Correctional Centre"
2020-11-05,"Calgary","Other","Calgary Remand Centre"
2020-11-05,"Calgary","Other","CIBC Sunridge Corner, Calgary"
2020-11-05,"Calgary","Other","Dafco, Calgary"
2020-11-05,"Calgary","Other","Engineered Air (Highfield Plant), Calgary"
2020-11-05,"Calgary","Other","Goodfood Market, Calgary"
2020-11-05,"Calgary","Other","Harmony Beef, Rocky View County"
2020-11-05,"Calgary","Other","Little Angels Daycare, Airdrie"
2020-11-05,"Calgary","Other","Park Avenue Furniture (warehouse), Calgary"
2020-11-05,"Calgary","Other","Private gatherings (2), Calgary"
2020-11-05,"Calgary","Other","Real Canadian Superstore (3633 Westwinds Dr. NE), Calgary"
2020-11-05,"Calgary","Other","Rose and Crown Pub, Calgary"
2020-11-05,"Calgary","Other","Starbelly Restaurant, Calgary"
2020-11-05,"South","Acute","Chinook Regional Hospital, Lethbridge"
2020-11-05,"South","LTC","Edith Cavell Care Centre, Lethbridge"
2020-11-05,"South","SLC","Columbia Assisted Living, Lethbridge"
2020-11-05,"South","SLC","Extendicare Fairmont Park, Lethbridge"
2020-11-05,"South","Other","Cavendish, Lethbridge"
2020-11-05,"South","Other","Children's House Child Care Society, Lethbridge"
2020-11-05,"South","Other","Meridian Manufacturing, Lethbridge"
2020-11-05,"South","Other","New Life Pentecostal Church (Gospel Fire Evangelical), Lethbridge"
2020-11-05,"South","Other","ROC Christian Ministries, Coaldale"
2020-11-05,"South","Other","Studio Elle, Brooks"
