"DATE","ZONE","GOA_TYPE","LOCATION"
2020-12-29,"North","Acute","George McDougall - Smoky Lake Healthcare Centre"
2020-12-29,"North","Acute","Queen Elizabeth II Hospital, Grande Prairie"
2020-12-29,"North","Acute","Seton - Jasper Healthcare Centre"
2020-12-29,"North","Acute","William J. Cadzow - Lac La Biche Healthcare Centre"
2020-12-29,"North","LTC","Extendicare Mayerthorpe"
2020-12-29,"North","LTC","Extendicare St. Paul"
2020-12-29,"North","LTC","Grande Prairie Care Centre"
2020-12-29,"North","LTC","Mackenzie Place Continuing Care Centre, Grande Prairie"
2020-12-29,"North","LTC","St. Therese - St. Paul Healthcare Centre"
2020-12-29,"North","LTC","Westlock Continuing Care Centre"
2020-12-29,"North","SLC","Bar-V-Nook Manor, Smoky Lake"
2020-12-29,"North","SLC","Heimstaed Lodge, La Crete"
2020-12-29,"North","SLC","Jasper Alpine Summit Seniors Lodge"
2020-12-29,"North","SLC","Ridgevalley Seniors Home, Crooked Creek"
2020-12-29,"North","Other","Cenovus Foster Creek, Cold Lake"
2020-12-29,"North","Other","Chevron worksite, Fox Creek"
2020-12-29,"North","Other","CNRL Albian, Regional Municipality of Wood Buffalo"
2020-12-29,"North","Other","CNRL Horizon, Regional Municipality of Wood Buffalo"
2020-12-29,"North","Other","Core Childcare Society, Edson"
2020-12-29,"North","Other","Elders Caring Shelter Society, Grande Prairie"
2020-12-29,"North","Other","Imperial Oil, Cold Lake"
2020-12-29,"North","Other","Kearl Lake work site, Fort Mckay"
2020-12-29,"North","Other","Peace River Correctional Facility"
2020-12-29,"North","Other","Rotary House, Grande Prairie"
2020-12-29,"North","Other","St. Paul Abilities Network"
2020-12-29,"North","Other","Suncor base plant, Regional Municipality of Wood Buffalo"
2020-12-29,"North","Other","Suncor Firebag, Regional Municipality of Wood Buffalo"
2020-12-29,"North","Other","Suncor Fort Hills, Regional Municipality of Wood Buffalo"
2020-12-29,"North","Other","Suncor MacKay River, Regional Municipality of Wood Buffalo"
2020-12-29,"North","Other","Syncrude Mildred Lake site, Regional Municipality of Wood Buffalo"
2020-12-29,"Edmonton","Acute","Alberta Hospital, Edmonton"
2020-12-29,"Edmonton","Acute","Devon General Hospital"
2020-12-29,"Edmonton","Acute","Glenrose Rehabilitation Hospital, Edmonton"
2020-12-29,"Edmonton","Acute","Grey Nuns Community Hospital, Edmonton"
2020-12-29,"Edmonton","Acute","Leduc Community Hospital"
2020-12-29,"Edmonton","Acute","Misericordia Community Hospital, Edmonton"
2020-12-29,"Edmonton","Acute","Royal Alexandra Hospital, Edmonton"
2020-12-29,"Edmonton","Acute","University of Alberta Hospital, Edmonton"
2020-12-29,"Edmonton","Acute","Villa Caritas, Edmonton"
2020-12-29,"Edmonton","LTC","Allen Gray Continuing Care Centre, Edmonton"
2020-12-29,"Edmonton","LTC","Aspen House, Morinville"
2020-12-29,"Edmonton","LTC","Capital Care Dickinsfield, Edmonton"
2020-12-29,"Edmonton","LTC","Capital Care Grandview, Edmonton"
2020-12-29,"Edmonton","LTC","Capital Care Lynnwood, Edmonton"
2020-12-29,"Edmonton","LTC","Capital Care Norwood, Edmonton"
2020-12-29,"Edmonton","LTC","Capital Care Strathcona, Sherwood Park"
2020-12-29,"Edmonton","LTC","Citadel Care Centre, St. Albert"
2020-12-29,"Edmonton","LTC","Covenant Health St. Joseph's, Edmonton"
2020-12-29,"Edmonton","LTC","Covenant Health Youville Home, St. Albert"
2020-12-29,"Edmonton","LTC","Devonshire Care Centre, Edmonton"
2020-12-29,"Edmonton","LTC","Edmonton Chinatown Care Centre"
2020-12-29,"Edmonton","LTC","Edmonton General Continuing Care Centre"
2020-12-29,"Edmonton","LTC","Extendicare Eaux Claires, Edmonton"
2020-12-29,"Edmonton","LTC","Good Samaritan, Pembina Village, Evansburg"
2020-12-29,"Edmonton","LTC","Good Samaritan, Southgate, Edmonton"
2020-12-29,"Edmonton","LTC","Grand Manor, Edmonton"
2020-12-29,"Edmonton","LTC","Hardisty Care Centre, Edmonton"
2020-12-29,"Edmonton","LTC","Jasper Place Continuing Care Centre, Edmonton"
2020-12-29,"Edmonton","LTC","Kipnes Centre for Veterans, Edmonton"
2020-12-29,"Edmonton","LTC","Laurier House Lynnwood, Edmonton"
2020-12-29,"Edmonton","LTC","Lifestyle Options Schonsee, Edmonton"
2020-12-29,"Edmonton","LTC","Mactaggart Place Retirement Residence, Edmonton"
2020-12-29,"Edmonton","LTC","Miller Crossing Care Centre, Edmonton"
2020-12-29,"Edmonton","LTC","Millwoods Shepherd's Care Centre, Edmonton"
2020-12-29,"Edmonton","LTC","Rivercrest Care Centre, Fort Saskatchewan"
2020-12-29,"Edmonton","LTC","Rutherford Retirement Residence, Edmonton"
2020-12-29,"Edmonton","LTC","Salem Manor, Leduc"
2020-12-29,"Edmonton","LTC","Shepherd's Care Eden House, Edmonton"
2020-12-29,"Edmonton","LTC","Shepherd's Care Greenfield, Edmonton"
2020-12-29,"Edmonton","LTC","Shepherd's Care Kensington Village, Edmonton"
2020-12-29,"Edmonton","LTC","Sherwood Care, Sherwood Park"
2020-12-29,"Edmonton","LTC","St. Michael's long-term care centre, Edmonton"
2020-12-29,"Edmonton","LTC","South Terrace Continuing Care, Edmonton"
2020-12-29,"Edmonton","LTC","Venta Care Centre, Edmonton"
2020-12-29,"Edmonton","SLC","Bedford Village, Sherwood Park"
2020-12-29,"Edmonton","SLC","Capital Care McConnell Place North, Edmonton"
2020-12-29,"Edmonton","SLC","Castlewood Care Homes, Edmonton"
2020-12-29,"Edmonton","SLC","Chartwell Griesbach, Edmonton"
2020-12-29,"Edmonton","SLC","Chartwell Heritage Valley, Edmonton"
2020-12-29,"Edmonton","SLC","Chartwell St. Albert Retirement Residence"
2020-12-29,"Edmonton","SLC","Chinese Seniors Lodge, Edmonton"
2020-12-29,"Edmonton","SLC","Churchill Retirement Community, Edmonton"
2020-12-29,"Edmonton","SLC","Covenant Care Chateau Vitaline, Beaumont"
2020-12-29,"Edmonton","SLC","Devonshire Village, Edmonton"
2020-12-29,"Edmonton","SLC","Discovery Place, The Heights, Devon"
2020-12-29,"Edmonton","SLC","Garneau Hall, Edmonton"
2020-12-29,"Edmonton","SLC","Good Samaritan Dr. Gerald Zetter Care Centre, Edmonton"
2020-12-29,"Edmonton","SLC","Good Samaritan Spruce Grove Centre"
2020-12-29,"Edmonton","SLC","Greater Edmonton Foundation Seniors Housing Beverly Place"
2020-12-29,"Edmonton","SLC","Greater Edmonton Foundation Seniors Housing Sakaw Terrace"
2020-12-29,"Edmonton","SLC","Independent Counselling Enterprises group home, Edmonton"
2020-12-29,"Edmonton","SLC","Kiwanis Place Lodge, Edmonton"
2020-12-29,"Edmonton","SLC","Laurel Heights Retirement Residence, Edmonton"
2020-12-29,"Edmonton","SLC","Lifestyle Options Riverbend, Edmonton"
2020-12-29,"Edmonton","SLC","Lifestyle Options Terra Losa, Edmonton"
2020-12-29,"Edmonton","SLC","McConachie Gardens Retirement Living, Edmonton"
2020-12-29,"Edmonton","SLC","McDaniel Manor, Edmonton"
2020-12-29,"Edmonton","SLC","Mirka Care Services Ozerna II, Edmonton"
2020-12-29,"Edmonton","SLC","Nihgi Mtis Senior Lodge, Edmonton"
2020-12-29,"Edmonton","SLC","Ottewell Place Lodge, Edmonton"
2020-12-29,"Edmonton","SLC","Paramed Home Health Care Bader Tower, Edmonton"
2020-12-29,"Edmonton","SLC","Pleasantview Place Lodge, Edmonton"
2020-12-29,"Edmonton","SLC","Riverbend Retirement Residences, Edmonton"
2020-12-29,"Edmonton","SLC","Robin Hood Association group home, Sherwood Park"
2020-12-29,"Edmonton","SLC","Rosedale Estates, Edmonton"
2020-12-29,"Edmonton","SLC","Shepherd's Care Vanguard, Edmonton"
2020-12-29,"Edmonton","SLC","Sprucewood Place, Edmonton"
2020-12-29,"Edmonton","SLC","St. Albert Retirement Residence"
2020-12-29,"Edmonton","SLC","St. Thomas Health Centre, Edmonton"
2020-12-29,"Edmonton","SLC","Summerwood Village Retirement Residence, Sherwood Park"
2020-12-29,"Edmonton","SLC","Unlimited Potential Community Services group home, Edmonton"
2020-12-29,"Edmonton","SLC","Urban Manor Housing Society, Edmonton"
2020-12-29,"Edmonton","SLC","Village at Westmount, Edmonton"
2020-12-29,"Edmonton","SLC","Villa Marguerite, Edmonton"
2020-12-29,"Edmonton","SLC","Virginia Park Lodge, Edmonton"
2020-12-29,"Edmonton","SLC","Winnifred Stewart Association group home, Edmonton"
2020-12-29,"Edmonton","Other","Amazon warehouse, Edmonton"
2020-12-29,"Edmonton","Other","Care Rx Pharmacy distribution centre, Edmonton"
2020-12-29,"Edmonton","Other","Catholic Social Services St. Angela, Edmonton"
2020-12-29,"Edmonton","Other","Earls Kitchen and Bar (Clareview), Edmonton"
2020-12-29,"Edmonton","Other","Edmonton Convention Centre"
2020-12-29,"Edmonton","Other","Edmonton Institution"
2020-12-29,"Edmonton","Other","Edmonton Institution for Women"
2020-12-29,"Edmonton","Other","Edmonton People in Need Society"
2020-12-29,"Edmonton","Other","Edmonton Remand Centre"
2020-12-29,"Edmonton","Other","Fort Saskatchewan Correctional Centre"
2020-12-29,"Edmonton","Other","Grandin Medical Clinic, St. Albert"
2020-12-29,"Edmonton","Other","Hope Mission, Edmonton"
2020-12-29,"Edmonton","Other","Maple Leaf Poultry, Edmonton"
2020-12-29,"Edmonton","Other","Menisa Day Daycare, Edmonton"
2020-12-29,"Edmonton","Other","Next Level Childcare, Edmonton"
2020-12-29,"Edmonton","Other","Nightwind Treatment Centre, Sturgeon County"
2020-12-29,"Edmonton","Other","Oliver Centre, Edmonton"
2020-12-29,"Edmonton","Other","Parkland RCMP detachment, Edmonton"
2020-12-29,"Edmonton","Other","Recovery Acres Addiction Centre, Edmonton"
2020-12-29,"Edmonton","Other","Stan Daniel Healing Centre, Edmonton"
2020-12-29,"Edmonton","Other","Stepping Stones Kensington Child Development Centre, Edmonton"
2020-12-29,"Edmonton","Other","The Salvation Army Edmonton Centre of Hope"
2020-12-29,"Edmonton","Other","Winnifred Steward adult group home, Edmonton"
2020-12-29,"Edmonton","Other","Yellowhead Youth Centre - Waterton House, Edmonton"
2020-12-29,"Central","Acute","Lloydminster Hospital"
2020-12-29,"Central","Acute","Ponoka Hospital & Care Centre"
2020-12-29,"Central","Acute","St. Joseph's General Hospital, Vegreville"
2020-12-29,"Central","Acute","St. Mary's Hospital, Camrose"
2020-12-29,"Central","LTC","Covenant Care Villa Marie, Red Deer"
2020-12-29,"Central","LTC","Vegreville Care Centre"
2020-12-29,"Central","LTC","Westview Care Community, Linden"
2020-12-29,"Central","SLC","Catholic Social Services St. Neri, Red Deer"
2020-12-29,"Central","SLC","Centennial Centre for Mental Health and Brain Injury, Ponoka"
2020-12-29,"Central","SLC","Clearwater Centre, Rocky Mountain House"
2020-12-29,"Central","SLC","Consort Senior Citizen's Lodge"
2020-12-29,"Central","SLC","Eagle Hill Lodge, Willington"
2020-12-29,"Central","SLC","Extendicare Michener Hill, Red Deer"
2020-12-29,"Central","SLC","Hillside Lodge, Two Hills"
2020-12-29,"Central","SLC","Mount View Lodge, Olds"
2020-12-29,"Central","SLC","Points West Living Heritage House, Vegreville"
2020-12-29,"Central","SLC","Points West Living, Red Deer"
2020-12-29,"Central","SLC","Points West Living, Stettler"
2020-12-29,"Central","SLC","Providence Place Daysland, Daysland"
2020-12-29,"Central","SLC","Revera Aspen Ridge, Red Deer"
2020-12-29,"Central","SLC","Rosealta Lodge, Camrose"
2020-12-29,"Central","SLC","Seasons Camrose"
2020-12-29,"Central","SLC","Shangri La Lodge, Drayton Valley"
2020-12-29,"Central","SLC","The Hamlets of Red Deer"
2020-12-29,"Central","SLC","Vermilion Valley Lodge"
2020-12-29,"Central","Other","Kentwood Place, Red Deer"
2020-12-29,"Central","Other","Olymel, Red Deer"
2020-12-29,"Central","Other","Wetaskiwin Hub"
2020-12-29,"Calgary","Acute","Didsbury Hospital"
2020-12-29,"Calgary","Acute","Peter Lougheed Centre, Calgary"
2020-12-29,"Calgary","Acute","Rockyview General Hospital, Calgary"
2020-12-29,"Calgary","Acute","South Health Campus, Calgary"
2020-12-29,"Calgary","LTC","Agecare Glenmore, Calgary"
2020-12-29,"Calgary","LTC","Agecare Seton, Calgary"
2020-12-29,"Calgary","LTC","Bethany, Calgary"
2020-12-29,"Calgary","LTC","Bethany Riverview, Calgary"
2020-12-29,"Calgary","LTC","Bow View Manor, Calgary"
2020-12-29,"Calgary","LTC","Cambridge Manor, Calgary"
2020-12-29,"Calgary","LTC","Carewest Colonel Belcher, Calgary"
2020-12-29,"Calgary","LTC","Carewest Garrison Green, Calgary"
2020-12-29,"Calgary","LTC","Carewest Sarcee, Calgary"
2020-12-29,"Calgary","LTC","Carewest Signal Pointe, Calgary"
2020-12-29,"Calgary","LTC","Dr. Vernon Fanning Centre, Calgary"
2020-12-29,"Calgary","LTC","Extendicare Hillcrest, Calgary"
2020-12-29,"Calgary","LTC","Generations Calgary"
2020-12-29,"Calgary","LTC","Glamorgan Care Centre, Calgary"
2020-12-29,"Calgary","LTC","Intercare Brentwood, Calgary"
2020-12-29,"Calgary","LTC","Intercare Southwood, Calgary"
2020-12-29,"Calgary","LTC","Mayfair Care Centre, Calgary"
2020-12-29,"Calgary","LTC","The Manor Village Varsity, Calgary"
2020-12-29,"Calgary","LTC","Revera Bow-Crest, Calgary"
2020-12-29,"Calgary","LTC","Revera Mount Royal Long Term Care Home, Calgary"
2020-12-29,"Calgary","LTC","Wing Kei Care Centre, Calgary"
2020-12-29,"Calgary","SLC","Academy of Aging, Calgary"
2020-12-29,"Calgary","SLC","Agecare Sagewood, Strathmore"
2020-12-29,"Calgary","SLC","Agecare Skypointe, Calgary"
2020-12-29,"Calgary","SLC","Agecare Walden Heights, Calgary"
2020-12-29,"Calgary","SLC","Amica Aspen Woods, Calgary"
2020-12-29,"Calgary","SLC","Amica Britannia, Calgary"
2020-12-29,"Calgary","SLC","Auburn Heights Retirement Residence, Calgary"
2020-12-29,"Calgary","SLC","Calgary Fire Department Station #1"
2020-12-29,"Calgary","SLC","Carewest George Boyack, Calgary"
2020-12-29,"Calgary","SLC","Carewest Glenmore Park, Calgary"
2020-12-29,"Calgary","SLC","Carewest Rouleau Manor, Calgary"
2020-12-29,"Calgary","SLC","Chartwell Harbour Retirement Home, Calgary"
2020-12-29,"Calgary","SLC","Clifton Manor, Calgary"
2020-12-29,"Calgary","SLC","Covenant Care St. Teresa Place, Calgary"
2020-12-29,"Calgary","SLC","Dulcina Hospice Calgary"
2020-12-29,"Calgary","SLC","Graduated Supports, Calgary"
2020-12-29,"Calgary","SLC","Holy Cross Manor, Calgary"
2020-12-29,"Calgary","SLC","Hull Services, Calgary"
2020-12-29,"Calgary","SLC","Inclusio, Calgary"
2020-12-29,"Calgary","SLC","Luxstone Manor, Airdrie"
2020-12-29,"Calgary","SLC","Revera Edgemont, Calgary"
2020-12-29,"Calgary","SLC","Sage Hill Retirement Residence, Calgary"
2020-12-29,"Calgary","SLC","Silvera for Seniors Westview, Calgary"
2020-12-29,"Calgary","SLC","Simon House Recovery Centre, Calgary"
2020-12-29,"Calgary","SLC","Spruce Lodge, Calgary"
2020-12-29,"Calgary","SLC","St. Marguerite Manor, Calgary"
2020-12-29,"Calgary","SLC","Staywell Manor, Calgary"
2020-12-29,"Calgary","SLC","Supported Lifestyles Group Home, Calgary"
2020-12-29,"Calgary","SLC","The Alex, Abbeydale program, Calgary"
2020-12-29,"Calgary","SLC","The Brenda Strafford Foundation, Tudor Manor, Okotoks"
2020-12-29,"Calgary","SLC","The Hamlets at Cedarwood Station, Airdrie"
2020-12-29,"Calgary","SLC","The Manor at Fish Creek Park, Calgary"
2020-12-29,"Calgary","SLC","Vecova Huntertown, Calgary"
2020-12-29,"Calgary","SLC","United Active Living Garrison Green, Calgary"
2020-12-29,"Calgary","SLC","Wheatland Lodge, Strathmore"
2020-12-29,"Calgary","SLC","Wood's Homes Phoenix, Calgary"
2020-12-29,"Calgary","Other","Alberta Seventh Step Society, Calgary"
2020-12-29,"Calgary","Other","Amazon warehouse, Rocky View County"
2020-12-29,"Calgary","Other","Calgary Drop-In Centre"
2020-12-29,"Calgary","Other","Calgary Remand Centre"
2020-12-29,"Calgary","Other","Canem Systems Plan Group Joint Venture, Calgary"
2020-12-29,"Calgary","Other","Cargill Case Ready, Calgary"
2020-12-29,"Calgary","Other","Centre of Hope, Calgary"
2020-12-29,"Calgary","Other","Fairmont Banff Springs Hotel"
2020-12-29,"Calgary","Other","Harmony Beef, Rocky View County"
2020-12-29,"Calgary","Other","Inverleigh Montessori School Childcare, Calgary"
2020-12-29,"Calgary","Other","Lilydale Sofina Foods, Calgary"
2020-12-29,"Calgary","Other","Montessori Casa Killarney Childcare, Calgary"
2020-12-29,"Calgary","Other","Mountain Munchkin Daycare, Canmore"
2020-12-29,"Calgary","Other","Nakiska Ski Lodge"
2020-12-29,"Calgary","Other","Lake Louise Ski Area"
2020-12-29,"Calgary","Other","Private gathering, Calgary"
2020-12-29,"Calgary","Other","Sheldon M. Chumir iOAT program, Calgary"
2020-12-29,"Calgary","Other","The Mustard Seed Foothills Shelter, Calgary"
2020-12-29,"Calgary","Other","Walmart Logistics, Calgary"
2020-12-29,"South","LTC","Edith Cavell Care Centre, Lethbridge"
2020-12-29,"South","SLC","Agecare Sunrise Gardens, Brooks"
2020-12-29,"South","SLC","Bethesda Care Home, Picture Butte"
2020-12-29,"South","SLC","Cardston Support Services"
2020-12-29,"South","SLC","Good Samaritan Park Meadows Village,Lethbridge"
2020-12-29,"South","SLC","Newbrook Lodge, Brooks"
2020-12-29,"South","SLC","Whispering Winds Village, Pincher Creek"
2020-12-29,"South","Other","Element Technical Services, Medicine Hat"
2020-12-29,"South","Other","Lethbridge Alpha House"
2020-12-29,"South","Other","Moduline Industries, Medicine Hat"
2020-12-29,"South","Other","Private gathering, Coaldale"
