"DATE","ZONE","GOA_TYPE","LOCATION"
2020-06-19,"Edmonton","Acute","Alberta Hospital, Edmonton"
2020-06-19,"Edmonton","SLC","Kensington Village - Shepherd's Manor, Edmonton"
2020-06-19,"Edmonton","SLC","Good Samaritan Group Home (Westpark), Edmonton"
2020-06-19,"Edmonton","Other","Lilydale/Sofina Foods, Edmonton"
2020-06-19,"Edmonton","Other","Materials recovery facility at Edmonton Waste Management Centre"
2020-06-19,"Calgary","Acute","Claresholm General Hospital"
2020-06-19,"Calgary","LTC","Carewest Colonel Belcher, Calgary"
2020-06-19,"Calgary","LTC","Intercare Chinook Care Centre, Calgary"
2020-06-19,"Calgary","SLC","Hillcrest Extendicare, Calgary"
2020-06-19,"Calgary","SLC","Intercare Brentwood Care Centre, Calgary"
2020-06-19,"Calgary","SLC","Wentworth Manor, The Residence, Calgary"
2020-06-19,"Calgary","Other","Calgary Alpha House"
2020-06-19,"Calgary","Other","Cargill Staff and Contractors, High River"
2020-06-19,"Calgary","Other","Calgary Drop-In Rehab Centre Society"
2020-06-19,"Calgary","Other","Cascade Recovery+, Calgary"
2020-06-19,"Calgary","Other","Fibrebuilt Manufacturing, Calgary"
2020-06-19,"Calgary","Other","Harmony Beef-Meat packing, Rocky View County"
2020-06-19,"Calgary","Other","Purolator, Calgary"
2020-06-19,"Calgary","Other","Walmart Logistics Distribution Warehouse, Calgary"
2020-06-19,"South","SLC","Agecare Sunrise Gardens, Brooks"
2020-06-19,"South","Other","JBS Foods Canada Inc., Brooks"
