"DATE","ZONE","GOA_TYPE","LOCATION"
2020-10-13,"North","SLC","Heimstaed Seniors Lodge, La Crete"
2020-10-13,"North","SLC","Prairie Lakes Senior Facility, Grande Prairie"
2020-10-13,"North","Other","CNRL Albian, Fort Mackay"
2020-10-13,"North","Other","CNRL Horizon, Fort McMurray"
2020-10-13,"North","Other","Family gatherings, La Crete"
2020-10-13,"North","Other","Private gathering, Bonnyville"
2020-10-13,"North","Other","Suncor base plant, Fort McMurray"
2020-10-13,"North","Other","Syncrude Mildred Lake site, Fort McMurray"
2020-10-13,"North","Other","Walmart Supercentre, Grande Prairie"
2020-10-13,"Edmonton","Acute","Misericordia Community Hospital, Edmonton"
2020-10-13,"Edmonton","LTC","Extendicare Eaux Claires, Edmonton"
2020-10-13,"Edmonton","LTC","Good Samaritan, Southgate Care Centre, Edmonton"
2020-10-13,"Edmonton","LTC","Kipnes Centre for Veterans, Edmonton"
2020-10-13,"Edmonton","LTC","Lifestyle Options - Whitemud, Edmonton"
2020-10-13,"Edmonton","LTC","Miller Crossing Care Centre, Edmonton"
2020-10-13,"Edmonton","LTC","Millwoods Shepherd's Care Centre, Edmonton"
2020-10-13,"Edmonton","LTC","Touchmark at Wedgewood, Edmonton"
2020-10-13,"Edmonton","SLC","Balwin Villa, Edmonton"
2020-10-13,"Edmonton","SLC","Capital Care Dickinsfield adult duplexes, Edmonton"
2020-10-13,"Edmonton","SLC","Garneau Hall, Edmonton"
2020-10-13,"Edmonton","SLC","Spirit of our Youth - McKenzie Home, Edmonton"
2020-10-13,"Edmonton","SLC","Lewis Estates Retirement Residence, Edmonton"
2020-10-13,"Edmonton","SLC","Lifestyle Options Terra Losa, Edmonton"
2020-10-13,"Edmonton","SLC","Robin Hood Association, Sherwood Park"
2020-10-13,"Edmonton","Other","Capital Fine Meats, Edmonton"
2020-10-13,"Edmonton","Other","CCI Manufacturing, Edmonton"
2020-10-13,"Edmonton","Other","Edmonton Remand Centre"
2020-10-13,"Edmonton","Other","Hello Fresh warehouse, Edmonton"
2020-10-13,"Edmonton","Other","Hope Mission, Edmonton"
2020-10-13,"Edmonton","Other","Inferno Fitness, Sherwood Park"
2020-10-13,"Edmonton","Other","Loomis Express, Edmonton"
2020-10-13,"Edmonton","Other","Portuguese Canadian Bakery, Edmonton"
2020-10-13,"Edmonton","Other","Private gatherings (2), Edmonton"
2020-10-13,"Edmonton","Other","Production World, Edmonton"
2020-10-13,"Edmonton","Other","Quantum Lifecycle Partners LP, Edmonton"
2020-10-13,"Edmonton","Other","Recochem Inc., Nisku"
2020-10-13,"Edmonton","Other","St. Joseph's College dormitory, University of Alberta, Edmonton"
2020-10-13,"Edmonton","Other","Straightline Chrysler Dodge Ram dealership, Fort Saskatchewan"
2020-10-13,"Edmonton","Other","Walmart Supercentre (Clareview location), Edmonton"
2020-10-13,"Edmonton","Other","WIN House, Edmonton"
2020-10-13,"Calgary","Acute","Foothills Medical Centre, Calgary"
2020-10-13,"Calgary","LTC","Cambridge Manor, Calgary"
2020-10-13,"Calgary","LTC","Carewest Sarcee, Calgary"
2020-10-13,"Calgary","LTC","Intercare Brentwood, Calgary"
2020-10-13,"Calgary","SLC","Aspen Lodge, MCF Housing, Calgary"
2020-10-13,"Calgary","SLC","Extendicare Cedars Villa, Calgary"
2020-10-13,"Calgary","SLC","Spruce Lodge, Calgary"
2020-10-13,"Calgary","SLC","Wentworth Manor, The Residence, Calgary"
2020-10-13,"Calgary","Other","Amazon warehouse, Rocky View County"
2020-10-13,"Calgary","Other","Calgary Drop-in and Rehab Centre"
2020-10-13,"Calgary","Other","Calgary Remand Centre"
2020-10-13,"Calgary","Other","Engineered Air (Highfield Plant), Calgary"
2020-10-13,"Calgary","Other","Freeport Distribution Centre (Loblaws), Calgary"
2020-10-13,"Calgary","Other","Harmony Beef, Calgary"
2020-10-13,"Calgary","Other","Park Avenue Furniture (warehouse), Calgary"
2020-10-13,"Calgary","Other","TC Energy, Crossfield"
2020-10-13,"South","SLC","Extendicare Fairmont Park, Lethbridge"
2020-10-13,"South","SLC","Lethbridge Family Services"
2020-10-13,"South","Other","Cavendish, Lethbridge"
2020-10-13,"South","Other","Children's House Child Care Society, Lethbridge"
2020-10-13,"South","Other","Lethbridge Coalhurst Good News Centre, Coalhurst"
2020-10-13,"South","Other","Meridian Manufacturing, Lethbridge"
