"DATE","ZONE","GOA_TYPE","LOCATION"
2020-04-29,"North","LTC","JB Wood Continuing Care Centre, High Prairie"
2020-04-29,"North","SLC","Manoir du Lac, McLennan"
2020-04-29,"Edmonton","Acute","Royal Alexandra Hospital, Edmonton"
2020-04-29,"Edmonton","Acute","Sturgeon Community Hospital, St. Albert"
2020-04-29,"Edmonton","SLC","Kensington Village - Shepherd's Manor, Edmonton"
2020-04-29,"Calgary","Acute","Foothills Medical Centre, Calgary"
2020-04-29,"Calgary","LTC","AgeCare Midnapore, Calgary"
2020-04-29,"Calgary","LTC","AgeCare Walden Heights, Calgary"
2020-04-29,"Calgary","LTC","Bethany Calgary, Calgary"
2020-04-29,"Calgary","LTC","Bethany Riverview, Calgary"
2020-04-29,"Calgary","LTC","Bow View Manor, Calgary"
2020-04-29,"Calgary","LTC","Carewest George Boyack, Calgary"
2020-04-29,"Calgary","LTC","Carewest Glenmore Park, Calgary"
2020-04-29,"Calgary","LTC","Carewest Sarcee, Calgary"
2020-04-29,"Calgary","LTC","Chinook Care Centre, Calgary"
2020-04-29,"Calgary","LTC","Clifton Manor, Calgary"
2020-04-29,"Calgary","LTC","High River Long Term Care (in High River Hospital), High River"
2020-04-29,"Calgary","LTC","Intercare Southwood, Calgary"
2020-04-29,"Calgary","LTC","Mayfair Care Centre, Calgary"
2020-04-29,"Calgary","LTC","McKenzie Towne Long Term Care, Calgary"
2020-04-29,"Calgary","LTC","Providence Care Centre, Calgary"
2020-04-29,"Calgary","SLC","Academy of Aging, Calgary"
2020-04-29,"Calgary","SLC","AgeCare Seton, Calgary"
2020-04-29,"Calgary","SLC","AgeCare Skypointe, Calgary"
2020-04-29,"Calgary","SLC","Cedars Villa Extendicare, Calgary"
2020-04-29,"Calgary","SLC","Evergreen Retirement Living by Rivera, Calgary"
2020-04-29,"Calgary","SLC","Hillcrest Extendicare , Calgary"
2020-04-29,"Calgary","SLC","Intercare Brentwood Care Centre, Calgary"
2020-04-29,"Calgary","SLC","Manor Village at Fish Creek Park, Calgary"
2020-04-29,"Calgary","SLC","McKenzie Towne Revera Retirement Residence, Calgary"
2020-04-29,"Calgary","SLC","Millrise Place, Calgary"
2020-04-29,"Calgary","SLC","Seasons High River, High River"
2020-04-29,"Calgary","SLC","Swan Evergreen Village by Origin, Calgary"
2020-04-29,"Calgary","SLC","Tudor Manor, Okotoks"
2020-04-29,"Calgary","SLC","United Active Living at Fish Creek, Calgary"
2020-04-29,"South","SLC","Orchard Manor, Brooks"
2020-04-29,"South","SLC","Sunrise Gardens, Brooks"
