"DATE","ZONE","GOA_TYPE","LOCATION"
2020-08-19,"North","SLC","Heimstaed Seniors Lodge, La Crete"
2020-08-19,"North","Other","CNRL Albian, Fort Mackay"
2020-08-19,"North","Other","Family gatherings, La Crete"
2020-08-19,"North","Other","Deadwood religious gathering, Manning"
2020-08-19,"Edmonton","SLC","Catholic Social Services St. Rita, Edmonton"
2020-08-19,"Edmonton","SLC","Kiwanis Place Lodge, Edmonton"
2020-08-19,"Edmonton","SLC","Lifestyle Options Schonsee Retirement Community, Edmonton"
2020-08-19,"Edmonton","SLC","Rosslyn Place Lodge, Edmonton"
2020-08-19,"Edmonton","SLC","Shepherd's Care Greenfield, Edmonton"
2020-08-19,"Edmonton","SLC","Shepherd's Gardens Heritage, Edmonton"
2020-08-19,"Edmonton","SLC","Tralee Residential Services, Edmonton"
2020-08-19,"Edmonton","Other","Bible Pentecostal Church, Edmonton"
2020-08-19,"Edmonton","Other","Private gathering, Edmonton"
2020-08-19,"Edmonton","Other","Private gathering, Spruce Grove"
2020-08-19,"Edmonton","Other","Royal Food Products, Edmonton"
2020-08-19,"Central","Acute","Red Deer Regional Hospital Centre, Red Deer"
2020-08-19,"Calgary","Acute","Peter Lougheed Centre, Calgary"
2020-08-19,"Calgary","LTC","Carewest Dr. Vernon Fanning Centre, Calgary"
2020-08-19,"Calgary","LTC","Carewest Sarcee, Calgary"
2020-08-19,"Calgary","LTC","Generations Calgary"
2020-08-19,"Calgary","SLC","Trinity Lodge Retirement Residence, Calgary"
2020-08-19,"Calgary","Other","Cargill Case Ready, Calgary"
2020-08-19,"Calgary","Other","Fledglings Educare Centre, Calgary"
2020-08-19,"Calgary","Other","Private gathering, Calgary"
2020-08-19,"South","LTC","Masterpiece Southland Meadows, Medicine Hat"
