"DATE","ZONE","GOA_TYPE","LOCATION"
2020-07-08,"North","Other","Family gatherings, La Crete"
2020-07-08,"Edmonton","Acute","Misericordia Community Hospital, Edmonton"
2020-07-08,"Edmonton","SLC","Good Samaritan Group Home (Westpark), Edmonton"
2020-07-08,"Edmonton","Other","Family gathering - multiple barbeques, Edmonton"
2020-07-08,"Edmonton","Other","The Pint (downtown), Edmonton"
2020-07-08,"Calgary","LTC","Carewest Garrison Green, Calgary"
2020-07-08,"Calgary","LTC","Father Lacombe Nursing Home, Calgary"
2020-07-08,"Calgary","LTC","Generations Calgary"
2020-07-08,"Calgary","LTC","Intercare Brentwood Care Centre, Calgary"
2020-07-08,"Calgary","Other","High rise apartment building, Calgary"
