"DATE","ZONE","GOA_TYPE","LOCATION"
2020-05-12,"North","LTC","JB Wood Continuing Care Centre, High Prairie"
2020-05-12,"North","SLC","Manoir du Lac, McLennan"
2020-05-12,"North","Other","Civeo Wapasu Creek Lodge (Kearl Lake work camp), Fort Mackay"
2020-05-12,"Edmonton","Acute","Royal Alexandra Hospital, Edmonton"
2020-05-12,"Edmonton","Acute","Sturgeon Community Hospital, St. Albert"
2020-05-12,"Edmonton","SLC","Kensington Village - Shepherd's Manor, Edmonton"
2020-05-12,"Calgary","LTC","Bethany Calgary, Calgary"
2020-05-12,"Calgary","LTC","Bethany Riverview, Calgary"
2020-05-12,"Calgary","LTC","Carewest Sarcee, Calgary"
2020-05-12,"Calgary","LTC","Clifton Manor, Calgary"
2020-05-12,"Calgary","LTC","High River Long Term Care (in High River Hospital), High River"
2020-05-12,"Calgary","LTC","Intercare Chinook Care Centre, Calgary"
2020-05-12,"Calgary","LTC","McKenzie TowneContinuingCare, Calgary"
2020-05-12,"Calgary","LTC","Providence Care Centre, Calgary"
2020-05-12,"Calgary","SLC","Academy of Aging, Calgary"
2020-05-12,"Calgary","SLC","AgeCare Skypointe, Calgary"
2020-05-12,"Calgary","SLC","Calgary Progressive Lifestyles Foundation - private residence, Calgary"
2020-05-12,"Calgary","SLC","Hillcrest Extendicare, Calgary"
2020-05-12,"Calgary","SLC","Intercare Brentwood Care Centre, Calgary"
2020-05-12,"Calgary","SLC","Millrise Place, Calgary"
2020-05-12,"Calgary","SLC","Monterey Seniors Village, Calgary"
2020-05-12,"Calgary","SLC","Proverbium 3 Homes Inc., Calgary"
2020-05-12,"Calgary","SLC","Seasons High River, High River"
2020-05-12,"Calgary","SLC","Stafford Foundation Tudor Manor, Calgary"
2020-05-12,"Calgary","SLC","The Journey Club, Calgary"
2020-05-12,"Calgary","SLC","The Manor Village Varsity, Calgary"
2020-05-12,"Calgary","SLC","United Active Living at Fish Creek, Calgary"
2020-05-12,"Calgary","SLC","Wentworth Manor, The Residence, Calgary"
2020-05-12,"Calgary","Other","Amazon Fulfillment Centre, Balzac"
2020-05-12,"Calgary","Other","APS Calgary"
2020-05-12,"Calgary","Other","Calgary Alpha House"
2020-05-12,"Calgary","Other","Canada Post, Calgary"
2020-05-12,"Calgary","Other","Cargill Staff and Contractors, High River"
2020-05-12,"Calgary","Other","Calgary Refrigerated Warehouse, Calgary"
2020-05-12,"Calgary","Other","Calgary Drop-In Rehab Centre Society, Calgary"
2020-05-12,"Calgary","Other","Cascade Recovery+, Calgary"
2020-05-12,"Calgary","Other","Flyers Force, Calgary"
2020-05-12,"Calgary","Other","Harmony Beef-Meat packing, Rocky View County"
2020-05-12,"Calgary","Other","Midtown CO-OP, Calgary"
2020-05-12,"Calgary","Other","Purolator, Calgary"
2020-05-12,"South","SLC","Agecare Sunrise Gardens, Brooks"
2020-05-12,"South","SLC","Orchard Manor, Brooks"
2020-05-12,"South","Other","JBS Foods Canada Inc, Brooks"
2020-05-12,"South","Other","McDonalds, Brooks"
