"DATE","ZONE","GOA_TYPE","LOCATION"
2020-05-21,"North","LTC","JB Wood Continuing Care Centre, High Prairie"
2020-05-21,"North","SLC","Manoir du Lac, McLennan"
2020-05-21,"North","Other","Civeo Wapasu Creek Lodge (Kearl Lake work camp), Fort Mackay"
2020-05-21,"North","Other","Richardson Work Camp- Horizon site, Fort McMurray"
2020-05-21,"Edmonton","SLC","Kensington Village - Shepherd's Manor, Edmonton"
2020-05-21,"Calgary","LTC","Bethany Calgary, Calgary"
2020-05-21,"Calgary","LTC","Bethany Riverview, Calgary"
2020-05-21,"Calgary","LTC","Bow View Manor, Calgary"
2020-05-21,"Calgary","LTC","Carewest Sarcee, Calgary"
2020-05-21,"Calgary","LTC","Clifton Manor, Calgary"
2020-05-21,"Calgary","LTC","High River Long Term Care (in High River Hospital), High River"
2020-05-21,"Calgary","LTC","Intercare Chinook Care Centre, Calgary"
2020-05-21,"Calgary","LTC","McKenzie TowneContinuingCare, Calgary"
2020-05-21,"Calgary","LTC","Providence Care Centre, Calgary"
2020-05-21,"Calgary","SLC","Academy of Aging, Calgary"
2020-05-21,"Calgary","SLC","Hillcrest Extendicare, Calgary"
2020-05-21,"Calgary","SLC","Intercare Brentwood Care Centre, Calgary"
2020-05-21,"Calgary","SLC","Millrise Place, Calgary"
2020-05-21,"Calgary","SLC","Monterey Seniors Village, Calgary"
2020-05-21,"Calgary","SLC","Proverbium 3 Homes Inc., Calgary"
2020-05-21,"Calgary","SLC","The Journey Club, Calgary"
2020-05-21,"Calgary","SLC","Wentworth Manor, The Residence, Calgary"
2020-05-21,"Calgary","Other","Amazon Fulfillment Centre, Balzac"
2020-05-21,"Calgary","Other","APS Calgary"
2020-05-21,"Calgary","Other","Calgary Alpha House"
2020-05-21,"Calgary","Other","Canada Post, Calgary"
2020-05-21,"Calgary","Other","Cargill Staff and Contractors, High River"
2020-05-21,"Calgary","Other","Calgary Drop-In Rehab Centre Society"
2020-05-21,"Calgary","Other","Calgary Refrigerated Warehouse"
2020-05-21,"Calgary","Other","Cascade Recovery+, Calgary"
2020-05-21,"Calgary","Other","Fibrebuilt Manufacturing, Calgary"
2020-05-21,"Calgary","Other","Flyers Force, Calgary"
2020-05-21,"Calgary","Other","Golden Happiness Bakery"
2020-05-21,"Calgary","Other","Harmony Beef-Meat packing, Rocky View County"
2020-05-21,"Calgary","Other","Midtown CO-OP, Calgary"
2020-05-21,"Calgary","Other","Purolator, Calgary"
2020-05-21,"Calgary","Other","Subaru, Calgary (1100 Meridian Road NE)"
2020-05-21,"Calgary","Other","Thomas Fresh, Calgary"
2020-05-21,"South","SLC","Agecare Sunrise Gardens, Brooks"
2020-05-21,"South","Other","JBS Foods Canada Inc, Brooks"
2020-05-21,"South","Other","McDonalds, Brooks"
2020-05-21,"South","Other","Terashita's No Frills, Brooks"
