"DATE","ZONE","GOA_TYPE","LOCATION"
2020-08-04,"North","SLC","Heimstaed Seniors Lodge, La Crete"
2020-08-04,"North","Other","Family gatherings, La Crete"
2020-08-04,"Edmonton","Acute","Misericordia Community Hospital, Edmonton"
2020-08-04,"Edmonton","SLC","Ashbourne, Edmonton"
2020-08-04,"Edmonton","SLC","Rosslyn Place Lodge, Edmonton"
2020-08-04,"Edmonton","SLC","Shepherd's Care Greenfield, Edmonton"
2020-08-04,"Edmonton","SLC","Shepherd's Gardens Heritage, Edmonton"
2020-08-04,"Edmonton","Other","Italian Bakery (118 Avenue), Edmonton"
2020-08-04,"Central","Acute","Red Deer Regional Hospital Centre, Red Deer"
2020-08-04,"Central","SLC","Waskasoo Kiwanis Towers, Red Deer"
2020-08-04,"Calgary","Acute","Peter Lougheed Centre, Calgary"
2020-08-04,"Calgary","LTC","Bethany, Calgary"
2020-08-04,"Calgary","LTC","Carewest Dr. Vernon Fanning Centre, Calgary"
2020-08-04,"Calgary","LTC","Carewest Garrison Green, Calgary"
2020-08-04,"Calgary","LTC","Father Lacombe Nursing Home, Calgary"
2020-08-04,"Calgary","LTC","Generations Calgary"
2020-08-04,"Calgary","SLC","Trinity Lodge Retirement Residence, Calgary"
2020-08-04,"Calgary","Other","Cactus Club, Stephen Avenue, Calgary"
2020-08-04,"Calgary","Other","DOT Logistics, Calgary"
2020-08-04,"Calgary","Other","FGL Sports Warehouse, Calgary"
2020-08-04,"Calgary","Other","Fire N Ice Lounge, Calgary"
2020-08-04,"Calgary","Other","High rise apartment building, Calgary"
2020-08-04,"Calgary","Other","Private gathering, Calgary"
2020-08-04,"Calgary","Other","Ride Cycle, Calgary"
2020-08-04,"Calgary","Other","The Keg Steakhouse and Bar, South Pointe, Calgary"
2020-08-04,"South","SLC","South Country Village, Medicine Hat"
2020-08-04,"South","Other","Friesen Livestock Ltd, Medicine Hat"
